7944940705.061878,57644200732.02208,-12801547854.347971,19517684100.309402,26128718575.27767,-0.0,0.0,-0.0,-91754823329.47083,-0.0,0.0,-0.0,-0.0,-0.0
-7944940705.061878,-57644200732.02208,12801547854.347971,-19517684100.309402,-26128718575.27767,0.0,-0.0,0.0,91754823329.47083,0.0,-0.0,0.0,0.0,0.0
-7944940705.061878,-57644200732.02208,12801547854.347971,-19517684100.309402,-26128718575.27767,0.0,-0.0,0.0,91754823329.47083,0.0,-0.0,0.0,0.0,0.0
-7944940705.061878,-57644200732.02208,12801547854.347971,-19517684100.309402,-26128718575.27767,0.0,-0.0,0.0,91754823329.47083,0.0,-0.0,0.0,0.0,0.0
7944940705.061878,57644200732.02208,-12801547854.347971,19517684100.309402,26128718575.27767,-0.0,0.0,-0.0,-91754823329.47083,-0.0,0.0,-0.0,-0.0,-0.0
7944940705.061878,57644200732.02208,-12801547854.347971,19517684100.309402,26128718575.27767,-0.0,0.0,-0.0,-91754823329.47083,-0.0,0.0,-0.0,-0.0,-0.0
-7944940705.061878,-57644200732.02208,12801547854.347971,-19517684100.309402,-26128718575.27767,0.0,-0.0,0.0,91754823329.47083,0.0,-0.0,0.0,0.0,0.0
7944940705.061878,57644200732.02208,-12801547854.347971,19517684100.309402,26128718575.27767,-0.0,0.0,-0.0,-91754823329.47083,-0.0,0.0,-0.0,-0.0,-0.0
-7944940705.061878,-57644200732.02208,12801547854.347971,-19517684100.309402,-26128718575.27767,0.0,-0.0,0.0,91754823329.47083,0.0,-0.0,0.0,0.0,0.0
-7944940705.061878,-57644200732.02208,12801547854.347971,-19517684100.309402,-26128718575.27767,0.0,-0.0,0.0,91754823329.47083,0.0,-0.0,0.0,0.0,0.0
7944940705.061878,57644200732.02208,-12801547854.347971,19517684100.309402,26128718575.27767,-0.0,0.0,-0.0,-91754823329.47083,-0.0,0.0,-0.0,-0.0,-0.0
7944940705.061878,57644200732.02208,-12801547854.347971,19517684100.309402,26128718575.27767,-0.0,0.0,-0.0,-91754823329.47083,-0.0,0.0,-0.0,-0.0,-0.0
-7944940705.061878,-57644200732.02208,12801547854.347971,-19517684100.309402,-26128718575.27767,0.0,-0.0,0.0,91754823329.47083,0.0,-0.0,0.0,0.0,0.0
-7944940705.061878,-57644200732.02208,12801547854.347971,-19517684100.309402,-26128718575.27767,0.0,-0.0,0.0,91754823329.47083,0.0,-0.0,0.0,0.0,0.0
-0.0,-1555172882.8147976,11995181638.965492,0.0,0.0,-0.0,0.0,-0.0,10660754950.543503,2473084493.5875773,0.0,0.0,-13926520397.102692,-2976536355.863511
-0.0,-10282889034.146742,79312803805.23811,0.0,0.0,-0.0,0.0,-0.0,70489500806.01695,16352171324.902473,0.0,0.0,-92082922392.52103,-19681022857.11792
-0.0,-5216232850.764834,40233250725.67786,0.0,0.0,-0.0,0.0,-0.0,35757426586.76568,8295016406.6774645,0.0,0.0,-46711188186.82786,-9983653195.42425
-0.0,-3457188433.8528347,26665590483.507626,0.0,0.0,-0.0,0.0,-0.0,23699126391.948208,5497729031.705319,0.0,0.0,-30959005119.44092,-6616915184.251746
-0.0,-4571729017.061432,35262137457.3644,0.0,0.0,-0.0,0.0,-0.0,31339334224.35142,7270106279.447933,0.0,0.0,-40939678224.64559,-8750099605.52408
-0.0,-0.0,0.0,0.0,0.0,-0.0,0.0,-0.0,0.0,0.0,0.0,0.0,-0.0,-0.0
-0.0,-0.0,0.0,0.0,0.0,-0.0,0.0,-0.0,0.0,0.0,0.0,0.0,-0.0,-0.0
-0.0,-0.0,0.0,0.0,0.0,-0.0,0.0,-0.0,0.0,0.0,0.0,0.0,-0.0,-0.0
-0.0,-32665502998.64993,251951822287.29742,0.0,0.0,-0.0,0.0,-0.0,223922964869.70187,51945703165.15744,0.0,0.0,-292518470981.1408,-62520417075.47507
-0.0,-0.0,0.0,0.0,0.0,-0.0,0.0,-0.0,0.0,0.0,0.0,0.0,-0.0,-0.0
-0.0,-0.0,0.0,0.0,0.0,-0.0,0.0,-0.0,0.0,0.0,0.0,0.0,-0.0,-0.0
-0.0,-0.0,0.0,0.0,0.0,-0.0,0.0,-0.0,0.0,0.0,0.0,0.0,-0.0,-0.0
-0.0,-0.0,0.0,0.0,0.0,-0.0,0.0,-0.0,0.0,0.0,0.0,0.0,-0.0,-0.0
-0.0,-0.0,0.0,0.0,0.0,-0.0,0.0,-0.0,0.0,0.0,0.0,0.0,-0.0,-0.0
-0.0,0.0,0.0,0.0,0.0,-0.0,0.0,-0.0,0.0,-0.0,-0.0,0.0,0.0,0.0
-0.0,73791735010.11044,0.0,0.0,0.0,-19085526657.925396,0.0,-0.0,55897608770.46766,-0.0,-0.0,286837723.06655824,41813637960.020485,35884837477.70619
-0.0,238996832695.0121,0.0,0.0,0.0,-61814245469.840485,0.0,-0.0,181041297504.88034,-0.0,-0.0,929010644.633355,135426102049.66183,116223890084.32951
-0.0,0.0,0.0,0.0,0.0,-0.0,0.0,-0.0,0.0,-0.0,-0.0,0.0,0.0,0.0
-0.0,0.0,0.0,0.0,0.0,-0.0,0.0,-0.0,0.0,-0.0,-0.0,0.0,0.0,0.0
-0.0,0.0,0.0,0.0,0.0,-0.0,0.0,-0.0,0.0,-0.0,-0.0,0.0,0.0,0.0
-0.0,0.0,0.0,0.0,0.0,-0.0,0.0,-0.0,0.0,-0.0,-0.0,0.0,0.0,0.0
-0.0,0.0,0.0,0.0,0.0,-0.0,0.0,-0.0,0.0,-0.0,-0.0,0.0,0.0,0.0
-0.0,107448460755.84692,0.0,0.0,0.0,-27790516943.771454,0.0,-0.0,81392747053.53334,-0.0,-0.0,417665634.58618754,60885016957.39879,52252065233.66021
-0.0,164966877515.45276,0.0,0.0,0.0,-42667105442.96735,0.0,-0.0,124963235763.20576,-0.0,-0.0,641246929.9095485,93477478079.09769,80223206406.9993
-0.0,0.0,0.0,0.0,0.0,-0.0,0.0,-0.0,0.0,-0.0,-0.0,0.0,0.0,0.0
-0.0,0.0,0.0,0.0,0.0,-0.0,0.0,-0.0,0.0,-0.0,-0.0,0.0,0.0,0.0
-0.0,2031284226.0270727,0.0,0.0,0.0,-525372241.76056176,0.0,-0.0,1538707972.546336,-0.0,-0.0,7895856.388453136,1151014855.6523187,987811227.2603769
-0.0,44659646815.4377,0.0,0.0,0.0,-11550790609.717817,0.0,-0.0,33829906088.73152,-0.0,-0.0,173597644.82759035,25306117319.334442,21717935857.77815
-0.0,-0.0,0.0,-0.0,-0.0,0.0,-0.0,0.0,0.0,-0.0,0.0,0.0,0.0,0.0
-0.0,-0.0,170988221526.01846,-208183061235.39667,-0.0,83031240685.88795,-0.0,26301300692.252163,0.0,-0.0,214497365176.05545,0.0,0.0,0.0
-0.0,-0.0,0.0,-0.0,-0.0,0.0,-0.0,0.0,0.0,-0.0,0.0,0.0,0.0,0.0
-0.0,-0.0,0.0,-0.0,-0.0,0.0,-0.0,0.0,0.0,-0.0,0.0,0.0,0.0,0.0
-0.0,-0.0,0.0,-0.0,-0.0,0.0,-0.0,0.0,0.0,-0.0,0.0,0.0,0.0,0.0
-0.0,-0.0,155637778388.90137,-189493456682.02893,-0.0,75577122926.326,-0.0,23940105183.54748,0.0,-0.0,195240894889.32602,0.0,0.0,0.0
-0.0,-0.0,0.0,-0.0,-0.0,0.0,-0.0,0.0,0.0,-0.0,0.0,0.0,0.0,0.0
-0.0,-0.0,0.0,-0.0,-0.0,0.0,-0.0,0.0,0.0,-0.0,0.0,0.0,0.0,0.0
-0.0,-0.0,187587604913.56146,-228393286345.62656,-0.0,91091839158.62363,-0.0,28854607404.757565,0.0,-0.0,235320577256.97278,0.0,0.0,0.0
-0.0,-0.0,0.0,-0.0,-0.0,0.0,-0.0,0.0,0.0,-0.0,0.0,0.0,0.0,0.0
-0.0,-0.0,0.0,-0.0,-0.0,0.0,-0.0,0.0,0.0,-0.0,0.0,0.0,0.0,0.0
-0.0,-0.0,100081325529.36319,-121851882751.05069,-0.0,48599117260.99088,-0.0,15394446546.871733,0.0,-0.0,125547715730.28459,0.0,0.0,0.0
-0.0,-0.0,1707708715.2971032,-2079184313.8436306,-0.0,829256963.4081274,-0.0,262678680.5252212,0.0,-0.0,2142247089.5966203,0.0,0.0,0.0
-0.0,-0.0,56957076672.34436,-69346873573.18088,-0.0,27658143348.93457,-0.0,8761101710.640575,0.0,-0.0,71450201454.31136,0.0,0.0,0.0
0.0,0.0,0.0,0.0,-0.0,0.0,0.0,0.0,0.0,0.0,-0.0,0.0,-0.0,0.0
0.0,0.0,0.0,0.0,-0.0,0.0,0.0,0.0,0.0,0.0,-0.0,0.0,-0.0,0.0
0.0,116235402907.13226,73772237276.92528,0.0,-0.0,0.0,0.0,224425673209.1973,148354313876.3316,0.0,-2140663616.829636,139957180353.54312,-0.0,236527603499.1378
0.0,41873860157.41469,26576484186.162125,0.0,-0.0,0.0,0.0,80849457399.85847,53444713380.22551,0.0,-771175104.0843126,50419641964.27047,-0.0,85209183644.37132
0.0,0.0,0.0,0.0,-0.0,0.0,0.0,0.0,0.0,0.0,-0.0,0.0,-0.0,0.0
0.0,10309180640.619156,6543026490.458135,0.0,-0.0,0.0,0.0,19904820284.011864,13157879461.115284,0.0,-189860295.2693317,12413118706.777906,-0.0,20978167838.53324
0.0,0.0,0.0,0.0,-0.0,0.0,0.0,0.0,0.0,0.0,-0.0,0.0,-0.0,0.0
0.0,95412340655.81172,60556264769.27249,0.0,-0.0,0.0,0.0,184220798901.12292,121777289700.94377,0.0,-1757173125.6580749,114884465792.13219,-0.0,194154721497.31534
0.0,0.0,0.0,0.0,-0.0,0.0,0.0,0.0,0.0,0.0,-0.0,0.0,-0.0,0.0
0.0,0.0,0.0,0.0,-0.0,0.0,0.0,0.0,0.0,0.0,-0.0,0.0,-0.0,0.0
0.0,93289865486.79909,59209173109.87605,0.0,-0.0,0.0,0.0,180122753841.16782,119068318599.68646,0.0,-1718084300.2374775,112328827556.3121,-0.0,189835693450.29178
0.0,0.0,0.0,0.0,-0.0,0.0,0.0,0.0,0.0,0.0,-0.0,0.0,-0.0,0.0
0.0,0.0,0.0,0.0,-0.0,0.0,0.0,0.0,0.0,0.0,-0.0,0.0,-0.0,0.0
0.0,0.0,0.0,0.0,-0.0,0.0,0.0,0.0,0.0,0.0,-0.0,0.0,-0.0,0.0
0.0,-0.0,-0.0,0.0,0.0,0.0,-0.0,0.0,0.0,0.0,0.0,0.0,0.0,0.0
64981394293.787544,-24835453865.876682,-5587075353.473649,37936362512.706795,50527511511.37477,42202510471.74686,-0.0,39391605352.33013,417433913.06546074,0.0,16214764745.941938,10912091009.061285,0.0,0.0
100793593589.03154,-38522636683.33809,-8666194510.744072,58843648199.73559,78373964050.65314,65460932858.634796,-0.0,61100896708.24237,647487863.8887818,0.0,25150959373.9277,16925904381.202232,0.0,0.0
0.0,-0.0,-0.0,0.0,0.0,0.0,-0.0,0.0,0.0,0.0,0.0,0.0,0.0,0.0
0.0,-0.0,-0.0,0.0,0.0,0.0,-0.0,0.0,0.0,0.0,0.0,0.0,0.0,0.0
0.0,-0.0,-0.0,0.0,0.0,0.0,-0.0,0.0,0.0,0.0,0.0,0.0,0.0,0.0
0.0,-0.0,-0.0,0.0,0.0,0.0,-0.0,0.0,0.0,0.0,0.0,0.0,0.0,0.0
42354720297.06341,-16187690543.913033,-3641642603.1907506,24726832053.63773,32933713421.035797,27507497281.196636,-0.0,25675355921.22183,272082444.86817,0.0,10568745607.274742,7112475310.322435,0.0,0.0
49128388582.47201,-18776541214.68266,-4224040003.882269,28681323003.067127,38200707242.649414,31906692002.298923,-0.0,29781541557.68362,315595805.7142276,0.0,12258974616.80292,8249952977.566602,0.0,0.0
0.0,-0.0,-0.0,0.0,0.0,0.0,-0.0,0.0,0.0,0.0,0.0,0.0,0.0,0.0
83777583417.32295,-32019231513.3884,-7203164483.79528,48909642667.700424,65142843678.850426,54409794986.58182,-0.0,50785821683.46313,538178733.3609827,0.0,20904965503.72249,14068467208.258276,0.0,0.0
36580087361.30561,-13980664495.503115,-3145141878.6162086,21355581393.205723,28443538420.845615,23757131355.836502,-0.0,22174783732.334747,234986786.19406062,0.0,9127805234.032667,6142762043.5676155,0.0,0.0
0.0,-0.0,-0.0,0.0,0.0,0.0,-0.0,0.0,0.0,0.0,0.0,0.0,0.0,0.0
143169600886.8398,-54718462976.42498,-12309667362.092829,83582907677.9591,111324229581.51772,92982255095.13765,-0.0,86789156771.35881,919707054.2995018,0.0,35725016712.55225,24041954340.72945,0.0,0.0
42693307270.42736,32874654936.21007,0.0,-0.0,-0.0,-12507871964.97961,41118493048.217766,22862009691.86081,0.0,50335293315.36327,-0.0,66319440900.16029,-28851467844.71672,6321327762.310105
27395803584.970703,21095287461.600384,0.0,-0.0,-0.0,-8026157389.214436,26385263435.40593,14670288321.976746,0.0,32299578018.748734,-0.0,42556421437.614174,-18513654639.247284,4056323223.5799685
3219292848.7191935,2478916446.3152356,0.0,-0.0,-0.0,-943157261.4999961,3100543834.230631,1723911990.2837095,0.0,3795537524.931362,-0.0,5000823676.380507,-2175547645.424157,476660314.2434722
17187373272.975624,13234602839.033163,0.0,-0.0,-0.0,-5035390276.77065,16553388191.865364,9203735186.30113,0.0,20263866407.349503,-0.0,26698727713.597706,-11614957449.405302,2544825565.830659
69100684987.8667,53208835765.3518,0.0,-0.0,-0.0,-20244449909.817764,66551790361.50227,37003001896.765816,0.0,81469519920.89072,-0.0,107340449527.26724,-46697159776.0545,10231301024.34143
67104066081.83212,51671401404.52246,0.0,-0.0,-0.0,-19659499826.6267,64628820091.53234,35933824461.258644,0.0,79115511653.56061,-0.0,104238917741.4966,-45347876015.938965,9935674301.362953
0.0,0.0,0.0,-0.0,-0.0,-0.0,0.0,0.0,0.0,0.0,-0.0,0.0,-0.0,0.0
18964187765.30806,14602783639.623116,0.0,-0.0,-0.0,-5555944190.170761,18264661902.47693,10155208678.083776,0.0,22358725867.92102,-0.0,29458817087.053497,-12815700832.129017,2807907240.616627
1709778470.2370667,1316561794.343323,0.0,-0.0,-0.0,-500914348.4420868,1646710424.589964,915576104.4675677,0.0,2015824172.5931854,-0.0,2655956154.6968102,-1155441489.7672527,253156075.32696733
0.0,0.0,0.0,-0.0,-0.0,-0.0,0.0,0.0,0.0,0.0,-0.0,0.0,-0.0,0.0
23337245465.9365,17970120866.83009,0.0,-0.0,-0.0,-6837120311.48794,22476412037.54548,12496954818.797628,0.0,27514549019.588913,-0.0,36251889825.428764,-15770944679.45135,3455398213.243022
86069676150.98227,66275280245.03332,0.0,-0.0,-0.0,-25215860709.611618,82894851833.78938,46089794774.50966,0.0,101475914413.84843,-0.0,133699944223.92441,-58164538018.71015,12743792133.506409
0.0,0.0,0.0,-0.0,-0.0,-0.0,0.0,0.0,0.0,0.0,-0.0,0.0,-0.0,0.0
0.0,0.0,0.0,-0.0,-0.0,-0.0,0.0,0.0,0.0,0.0,-0.0,0.0,-0.0,0.0
3827354350.235671,0.0,16472987877.500586,2186439500.814603,-0.0,-0.0,0.0,13052790743.667622,23072619165.64483,15132485769.649614,3825495473.0159836,0.0,13212333325.272219,-18631002889.6903
18163108079.966026,0.0,78174277017.38405,10375976021.440838,-0.0,-0.0,0.0,61943375848.5981,109493513598.42032,71812784864.2417,18154286584.813248,0.0,62700501760.61685,-88415361672.16064
0.0,0.0,0.0,0.0,-0.0,-0.0,0.0,0.0,0.0,0.0,0.0,0.0,0.0,-0.0
0.0,0.0,0.0,0.0,-0.0,-0.0,0.0,0.0,0.0,0.0,0.0,0.0,0.0,-0.0
0.0,0.0,0.0,0.0,-0.0,-0.0,0.0,0.0,0.0,0.0,0.0,0.0,0.0,-0.0
945078215.9682909,0.0,4067630161.8053513,539891568.3428237,-0.0,-0.0,0.0,3223090171.5889535,5697259193.531619,3736623616.641452,944619208.464484,0.0,3262485588.0035753,-4600502948.362849
5284767000.205773,0.0,22745712772.70011,3019010591.7786016,-0.0,-0.0,0.0,18023143788.20934,31858407980.281982,20894762833.131313,5282200283.855762,0.0,18243438355.48391,-25725475156.516655
16316499879.987198,0.0,70226448907.12001,9321070532.819632,-0.0,-0.0,0.0,55645712184.82466,98361519054.03094,64511717403.22198,16308575249.248455,0.0,56325862564.27515,-79426342218.60184
0.0,0.0,0.0,0.0,-0.0,-0.0,0.0,0.0,0.0,0.0,0.0,0.0,0.0,-0.0
24261423510.40802,0.0,104421513872.43512,13859739615.142206,-0.0,-0.0,0.0,82741041264.01418,146256273615.6368,95924132553.88422,24249640173.054398,0.0,83752374364.1267,-118101071959.1665
0.0,0.0,0.0,0.0,-0.0,-0.0,0.0,0.0,0.0,0.0,0.0,0.0,0.0,-0.0
35023012826.1053,0.0,150739548242.36624,20007475575.345654,-0.0,-0.0,0.0,119442313357.7351,211130865612.29025,138473001113.3305,35006002778.23679,0.0,120902241383.86723,-170486919542.3856
16353896493.232086,0.0,70387404465.52151,9342433966.908318,-0.0,-0.0,0.0,55773249413.557434,98586958806.01813,64659575078.77965,16345953699.630411,0.0,56454958664.14302,-79608383478.87534
18285633908.25545,0.0,78701629935.1948,10445970928.190334,-0.0,-0.0,0.0,62361237340.115845,110232141777.41373,72297224031.17958,18276752904.510002,0.0,63123470719.37429,-89011799538.11925
-11411917209.368551,-0.0,-1516112045.0706222,-0.0,-0.0,4284278287.728768,-3703621244.2102785,-0.0,19867008919.91755,62466949207.438484,-5479500780.069968,5174844376.512411,-12051749268.072586,-0.0
-0.0,-0.0,-0.0,-0.0,-0.0,0.0,-0.0,-0.0,0.0,0.0,-0.0,0.0,-0.0,-0.0
-23703577341.74839,-0.0,-3149100931.926259,-0.0,-0.0,8898830922.413551,-7692754074.189285,-0.0,41265562467.96746,129749465815.08864,-11381415423.162355,10748616701.273886,-25032566013.06214,-0.0
-33414823463.08901,-0.0,-4439273034.219713,-0.0,-0.0,12544640836.833002,-10844439876.223063,-0.0,58171872755.40989,182907222489.37534,-16044328737.469667,15152275302.888308,-35288292652.82941,-0.0
-0.0,-0.0,-0.0,-0.0,-0.0,0.0,-0.0,-0.0,0.0,0.0,-0.0,0.0,-0.0,-0.0
-0.0,-0.0,-0.0,-0.0,-0.0,0.0,-0.0,-0.0,0.0,0.0,-0.0,0.0,-0.0,-0.0
-0.0,-0.0,-0.0,-0.0,-0.0,0.0,-0.0,-0.0,0.0,0.0,-0.0,0.0,-0.0,-0.0
-3927806796.6076503,-0.0,-521822502.3713275,-0.0,-0.0,1474582847.7694297,-1274729603.114124,-0.0,6837919626.673735,21500165411.198074,-1885960089.888054,1781102030.495453,-4148027173.4959464,-0.0
-24955888734.24459,-0.0,-3315474763.028361,-0.0,-0.0,9368975457.281214,-8099178953.771121,-0.0,43445711618.08674,136604411457.59084,-11982720280.723019,11316489430.124498,-26355090758.993954,-0.0
-41149782337.742874,-0.0,-5466888648.917772,-0.0,-0.0,15448510165.288122,-13354741825.114084,-0.0,71637664185.42383,225247109318.20416,-19758315827.446125,18659767313.275238,-43456927532.13373,-0.0
-19514389495.812534,-0.0,-2592553067.464645,-0.0,-0.0,7326120027.102619,-6333195919.538598,-0.0,33972604520.98083,106818543727.98619,-9369951648.186785,8848988902.633833,-20608502936.73444,-0.0
-0.0,-0.0,-0.0,-0.0,-0.0,0.0,-0.0,-0.0,0.0,0.0,-0.0,0.0,-0.0,-0.0
-3587700542.9873548,-0.0,-476638228.92652345,-0.0,-0.0,1346899671.3869374,-1164351590.10481,-0.0,6245828582.686216,19638479974.8027,-1722656023.8114827,1626877556.0558004,-3788852179.677173,-0.0
-240148629.9556387,-0.0,-31904562.90587632,-0.0,-0.0,90156942.27978744,-77937786.55715556,-0.0,418074797.24072117,1314533920.5019422,-115308811.04661188,108897721.95620936,-253613045.22263068,-0.0
0.0,-0.0,-15135024607.30152,7911501475.202521,-0.0,4511255595.998299,0.0,-0.0,0.0,-0.0,13322677506.816973,0.0,14723602989.156988,-0.0
0.0,-0.0,-0.0,0.0,-0.0,0.0,0.0,-0.0,0.0,-0.0,0.0,0.0,0.0,-0.0
0.0,-0.0,-34582138301.84599,18077052749.46975,-0.0,10307803851.242317,0.0,-0.0,0.0,-0.0,30441091973.47265,0.0,33642077768.863472,-0.0
0.0,-0.0,-0.0,0.0,-0.0,0.0,0.0,-0.0,0.0,-0.0,0.0,0.0,0.0,-0.0
0.0,-0.0,-0.0,0.0,-0.0,0.0,0.0,-0.0,0.0,-0.0,0.0,0.0,0.0,-0.0
0.0,-0.0,-97270444955.67334,50845987286.2818,-0.0,28993136814.57986,0.0,-0.0,0.0,-0.0,85622772523.53136,0.0,94626302319.65837,-0.0
0.0,-0.0,-9948611003.467052,5200417751.033895,-0.0,2965355407.492987,0.0,-0.0,0.0,-0.0,8757312226.371977,0.0,9678173806.06981,-0.0
0.0,-0.0,-0.0,0.0,-0.0,0.0,0.0,-0.0,0.0,-0.0,0.0,0.0,0.0,-0.0
0.0,-0.0,-96982602707.19376,50695524077.09922,-0.0,28907340458.91409,0.0,-0.0,0.0,-0.0,85369398013.16019,0.0,94346284605.77403,-0.0
0.0,-0.0,-147629301035.54324,77169972512.7873,-0.0,44003463998.90356,0.0,-0.0,0.0,-0.0,129951395474.07811,0.0,143616232838.19867,-0.0
0.0,-0.0,-99588971833.86737,52057946255.16776,-0.0,29684213811.48672,0.0,-0.0,0.0,-0.0,87663666852.44872,0.0,96881803725.16978,-0.0
0.0,-0.0,-44713750874.1359,23373130548.588924,-0.0,13327706038.330912,0.0,-0.0,0.0,-0.0,39359492202.53557,0.0,43498278536.61002,-0.0
0.0,-0.0,-4283224121.239476,2238961272.4819307,-0.0,1276688957.382647,0.0,-0.0,0.0,-0.0,3770328436.0148273,0.0,4166791472.825684,-0.0
0.0,-0.0,-0.0,0.0,-0.0,0.0,0.0,-0.0,0.0,-0.0,0.0,0.0,0.0,-0.0
0.0,-0.0,-0.0,-0.0,0.0,0.0,-0.0,0.0,-0.0,0.0,-0.0,0.0,0.0,0.0
0.0,-0.0,-0.0,-0.0,0.0,0.0,-0.0,0.0,-0.0,0.0,-0.0,0.0,0.0,0.0
0.0,-0.0,-12549082444.121943,-0.0,35096995382.3191,6220976037.588583,-0.0,0.0,-0.0,31343314313.970356,-0.0,1223370608.5122383,2529999095.839074,26911166800.808067
0.0,-0.0,-60211368527.0835,-0.0,168397819726.49445,29848674790.789513,-0.0,0.0,-0.0,150387397438.979,-0.0,5869817086.813061,12139111254.632719,129121646060.7647
0.0,-0.0,-0.0,-0.0,0.0,0.0,-0.0,0.0,-0.0,0.0,-0.0,0.0,0.0,0.0
0.0,-0.0,-37467050638.90986,-0.0,104787016032.30595,18573598927.38237,-0.0,0.0,-0.0,93579873255.42383,-0.0,3652545016.209681,7553668139.665434,80347073482.67606
0.0,-0.0,-0.0,-0.0,0.0,0.0,-0.0,0.0,-0.0,0.0,-0.0,0.0,0.0,0.0
0.0,-0.0,-0.0,-0.0,0.0,0.0,-0.0,0.0,-0.0,0.0,-0.0,0.0,0.0,0.0
0.0,-0.0,-0.0,-0.0,0.0,0.0,-0.0,0.0,-0.0,0.0,-0.0,0.0,0.0,0.0
0.0,-0.0,-0.0,-0.0,0.0,0.0,-0.0,0.0,-0.0,0.0,-0.0,0.0,0.0,0.0
0.0,-0.0,-21057871780.191334,-0.0,58894188632.653885,10439051327.497211,-0.0,0.0,-0.0,52595358818.36381,-0.0,2052865739.6598926,4245441593.1528263,45158034658.717186
0.0,-0.0,-0.0,-0.0,0.0,0.0,-0.0,0.0,-0.0,0.0,-0.0,0.0,0.0,0.0
0.0,-0.0,-113665634396.3046,-0.0,317897524643.6518,56347640636.302475,-0.0,0.0,-0.0,283897864361.30896,-0.0,11080905471.576607,22915934573.792408,243752868815.63306
0.0,-0.0,-0.0,-0.0,0.0,0.0,-0.0,0.0,-0.0,0.0,-0.0,0.0,0.0,0.0
-0.0,0.0,0.0,-0.0,-0.0,0.0,-0.0,0.0,0.0,0.0,0.0,0.0,0.0,0.0
-0.0,0.0,0.0,-0.0,-0.0,0.0,-0.0,0.0,0.0,0.0,0.0,0.0,0.0,0.0
-9502751678.283642,0.0,0.0,-0.0,-0.0,0.0,-6996342121.662026,35625484443.982216,39430885570.77491,4377411257.5952,10909524549.106989,0.0,0.0,4382800398.657196
-0.0,0.0,0.0,-0.0,-0.0,0.0,-0.0,0.0,0.0,0.0,0.0,0.0,0.0,0.0
-10546000609.845585,0.0,0.0,-0.0,-0.0,0.0,-7764427692.0706215,39536588284.30417,43759761104.40161,4857980441.353798,12107214461.989183,0.0,0.0,4863961223.221037
-26824293802.365986,0.0,0.0,-0.0,-0.0,0.0,-19749220327.64593,100563341433.07854,111305198246.42827,12356522578.176664,30795321361.299213,0.0,0.0,12371735003.806995
-0.0,0.0,0.0,-0.0,-0.0,0.0,-0.0,0.0,0.0,0.0,0.0,0.0,0.0,0.0
-0.0,0.0,0.0,-0.0,-0.0,0.0,-0.0,0.0,0.0,0.0,0.0,0.0,0.0,0.0
-0.0,0.0,0.0,-0.0,-0.0,0.0,-0.0,0.0,0.0,0.0,0.0,0.0,0.0,0.0
-30590993897.076904,0.0,0.0,-0.0,-0.0,0.0,-22522429964.652267,114684568649.39438,126934810114.89279,14091640568.921694,35119637995.425385,0.0,0.0,14108989141.937105
-0.0,0.0,0.0,-0.0,-0.0,0.0,-0.0,0.0,0.0,0.0,0.0,0.0,0.0,0.0
-28478606407.348125,0.0,0.0,-0.0,-0.0,0.0,-20967197746.448,106765301662.02556,118169632173.96231,13118576230.191952,32694535882.20412,0.0,0.0,13134726839.233858
-14327928995.011164,0.0,0.0,-0.0,-0.0,0.0,-10548849063.69403,53714905830.14434,59452561510.11146,6600113293.9332695,16449013759.472301,0.0,0.0,6608238859.358371
-26435758844.93942,0.0,0.0,-0.0,-0.0,0.0,-19463163869.431435,99106737435.58846,109693004435.07741,12177545229.910786,30349268281.12476,0.0,0.0,12192537312.027576
0.0,0.0,0.0,24371294309.067505,48383836835.813614,0.0,109850865086.01212,0.0,-0.0,8974642363.95917,0.0,0.0,31594457204.28287,-58644076865.41157
0.0,0.0,0.0,0.0,0.0,0.0,0.0,0.0,-0.0,0.0,0.0,0.0,0.0,-0.0
0.0,0.0,0.0,0.0,0.0,0.0,0.0,0.0,-0.0,0.0,0.0,0.0,0.0,-0.0
0.0,0.0,0.0,0.0,0.0,0.0,0.0,0.0,-0.0,0.0,0.0,0.0,0.0,-0.0
0.0,0.0,0.0,0.0,0.0,0.0,0.0,0.0,-0.0,0.0,0.0,0.0,0.0,-0.0
0.0,0.0,0.0,0.0,0.0,0.0,0.0,0.0,-0.0,0.0,0.0,0.0,0.0,-0.0
0.0,0.0,0.0,31900210775.99016,63330842163.73844,0.0,143786608365.10678,0.0,-0.0,11747139048.864994,0.0,0.0,41354793528.328926,-76760732895.25575
0.0,0.0,0.0,50420469061.13726,100098735721.70549,0.0,227264587352.9874,0.0,-0.0,18567158227.555325,0.0,0.0,65364084966.93097,-121325598292.5502
0.0,0.0,0.0,49961006288.44041,99186573587.66472,0.0,225193610636.87643,0.0,-0.0,18397962697.264057,0.0,0.0,64768446642.398865,-120220003742.78499
0.0,0.0,0.0,9925188543.292501,19704275733.30327,0.0,44736669862.33093,0.0,-0.0,3654915345.9516554,0.0,0.0,12866815389.399471,-23882749617.446075
0.0,0.0,0.0,33833297056.166103,67168559191.95487,0.0,152499777123.00165,0.0,-0.0,12458991189.47127,0.0,0.0,43860807816.14957,-81412273308.51695
0.0,0.0,0.0,0.0,0.0,0.0,0.0,0.0,-0.0,0.0,0.0,0.0,0.0,-0.0
0.0,0.0,0.0,0.0,0.0,0.0,0.0,0.0,-0.0,0.0,0.0,0.0,0.0,-0.0
0.0,0.0,0.0,6602074880.87037,13106965504.700672,0.0,29758109184.886776,0.0,-0.0,2431190570.533017,0.0,0.0,8558797478.619053,-15886418746.373873
0.0,-0.0,0.0,0.0,0.0,0.0,-0.0,0.0,0.0,0.0,0.0,0.0,0.0,-0.0
0.0,-0.0,0.0,0.0,0.0,0.0,-0.0,0.0,0.0,0.0,0.0,0.0,0.0,-0.0
0.0,-0.0,0.0,0.0,0.0,0.0,-0.0,0.0,0.0,0.0,0.0,0.0,0.0,-0.0
102578564447.65059,-0.0,39444294906.79504,0.0,33502082892.26278,0.0,-0.0,0.0,0.0,4453984213.022983,30270529914.989185,0.0,0.0,-465399633.61992675
166779848728.37976,-0.0,64131464240.856285,0.0,54470174611.46775,0.0,-0.0,0.0,0.0,7241618336.993388,49216075769.18492,0.0,0.0,-756681290.2025604
0.0,-0.0,0.0,0.0,0.0,0.0,-0.0,0.0,0.0,0.0,0.0,0.0,0.0,-0.0
285373311885.913,-0.0,109733930604.00311,0.0,93202711516.99072,0.0,-0.0,0.0,0.0,12390973034.201515,84212539148.86426,0.0,0.0,-1294740626.4823284
0.0,-0.0,0.0,0.0,0.0,0.0,-0.0,0.0,0.0,0.0,0.0,0.0,0.0,-0.0
0.0,-0.0,0.0,0.0,0.0,0.0,-0.0,0.0,0.0,0.0,0.0,0.0,0.0,-0.0
130297949206.27815,-0.0,50103164944.03571,0.0,42555213347.99256,0.0,-0.0,0.0,0.0,5657566099.4963875,38450411063.446304,0.0,0.0,-591162667.8396021
0.0,-0.0,0.0,0.0,0.0,0.0,-0.0,0.0,0.0,0.0,0.0,0.0,0.0,-0.0
0.0,-0.0,0.0,0.0,0.0,0.0,-0.0,0.0,0.0,0.0,0.0,0.0,0.0,-0.0
181648830867.85327,-0.0,69848999084.8204,0.0,59326373124.700356,0.0,-0.0,0.0,0.0,7887232867.373498,53603853772.142555,0.0,0.0,-824141961.711019
17542766223.157116,-0.0,6745678769.371983,0.0,5729454407.287313,0.0,-0.0,0.0,0.0,761710833.363921,5176801143.680869,0.0,0.0,-79591647.7960064
-0.0,-0.0,0.0,0.0,-0.0,18561153366.46019,24658631396.91936,157200179321.3397,121626969493.35497,0.0,0.0,-0.0,-0.0,0.0
-0.0,-0.0,0.0,0.0,-0.0,0.0,0.0,0.0,0.0,0.0,0.0,-0.0,-0.0,0.0
-0.0,-0.0,0.0,0.0,-0.0,52403161529.27453,69617992948.5729,443818669387.89905,343385866321.9454,0.0,0.0,-0.0,-0.0,0.0
-0.0,-0.0,0.0,0.0,-0.0,0.0,0.0,0.0,0.0,0.0,0.0,-0.0,-0.0,0.0
-0.0,-0.0,0.0,0.0,-0.0,4289737812.1425395,5698948842.812315,36331123394.99751,28109665369.973442,0.0,0.0,-0.0,-0.0,0.0
-0.0,-0.0,0.0,0.0,-0.0,0.0,0.0,0.0,0.0,0.0,0.0,-0.0,-0.0,0.0
-0.0,-0.0,0.0,0.0,-0.0,0.0,0.0,0.0,0.0,0.0,0.0,-0.0,-0.0,0.0
-0.0,-0.0,0.0,0.0,-0.0,0.0,0.0,0.0,0.0,0.0,0.0,-0.0,-0.0,0.0
-0.0,-0.0,0.0,0.0,-0.0,0.0,0.0,0.0,0.0,0.0,0.0,-0.0,-0.0,0.0
-0.0,-0.0,0.0,0.0,-0.0,15291752253.528057,20315207508.285965,129510604698.51361,100203335866.0028,0.0,0.0,-0.0,-0.0,0.0
-0.0,-0.0,0.0,0.0,-0.0,46516399158.79033,61797385007.402245,393961848424.6922,304811266289.6383,0.0,0.0,-0.0,-0.0,0.0
-0.0,-0.0,0.0,0.0,-0.0,0.0,0.0,0.0,0.0,0.0,0.0,-0.0,-0.0,0.0
-0.0,-0.0,0.0,0.0,-0.0,0.0,0.0,0.0,0.0,0.0,0.0,-0.0,-0.0,0.0
-0.0,-0.0,0.0,0.0,-0.0,1662542207.8267515,2208699786.873144,14080586913.953392,10894256752.285156,0.0,0.0,-0.0,-0.0,0.0
0.0,-0.0,0.0,-0.0,-0.0,0.0,-0.0,-0.0,0.0,0.0,-0.0,-0.0,-0.0,0.0
0.0,-0.0,0.0,-0.0,-0.0,0.0,-0.0,-0.0,0.0,0.0,-0.0,-0.0,-0.0,0.0
0.0,-0.0,0.0,-0.0,-0.0,0.0,-0.0,-0.0,0.0,0.0,-0.0,-0.0,-0.0,0.0
0.0,-0.0,0.0,-0.0,-0.0,0.0,-0.0,-0.0,0.0,0.0,-0.0,-0.0,-0.0,0.0
0.0,-0.0,0.0,-0.0,-0.0,0.0,-0.0,-0.0,0.0,0.0,-0.0,-0.0,-0.0,0.0
227893693864.9981,-0.0,64013320759.3065,-152076435294.7825,-130959738849.8622,67248012813.024254,-19695174151.842995,-0.0,0.0,0.0,-0.0,-72536796323.34727,-0.0,198435858827.5624
400980398410.692,-0.0,112631843498.32713,-267579451538.06427,-230424490336.64648,118323304663.56676,-34653783719.22961,-0.0,0.0,0.0,-0.0,-127628952762.5155,-0.0,349149151001.86847
96617145842.09343,-0.0,27138900786.35711,-64473882005.37827,-55521308963.4463,28510271396.082912,-8349908596.160176,-0.0,0.0,0.0,-0.0,-30752488629.38136,-0.0,84128288007.83376
262297132137.2557,-0.0,73676941950.37656,-175034298523.01373,-150729769407.79947,77399951721.50233,-22668410035.218014,-0.0,0.0,0.0,-0.0,-83487144059.84901,-0.0,228392263958.3715
0.0,-0.0,0.0,-0.0,-0.0,0.0,-0.0,-0.0,0.0,0.0,-0.0,-0.0,-0.0,0.0
0.0,-0.0,0.0,-0.0,-0.0,0.0,-0.0,-0.0,0.0,0.0,-0.0,-0.0,-0.0,0.0
0.0,-0.0,0.0,-0.0,-0.0,0.0,-0.0,-0.0,0.0,0.0,-0.0,-0.0,-0.0,0.0
0.0,-0.0,0.0,-0.0,-0.0,0.0,-0.0,-0.0,0.0,0.0,-0.0,-0.0,-0.0,0.0
0.0,-0.0,0.0,-0.0,-0.0,0.0,-0.0,-0.0,0.0,0.0,-0.0,-0.0,-0.0,0.0
0.0,17590670048.742416,0.0,-23588399756.623028,33883291389.20884,0.0,0.0,84462493699.69897,0.0,0.0,-0.0,-43877138874.04087,-83473897696.92493,148576655595.43793
0.0,0.0,0.0,-0.0,0.0,0.0,0.0,0.0,0.0,0.0,-0.0,-0.0,-0.0,0.0
0.0,5425894092.279869,0.0,-7275911521.911972,10451401229.531282,0.0,0.0,26052705457.75405,0.0,0.0,-0.0,-13534032981.297485,-25747770103.03249,45828907916.0814
0.0,13785250087.249311,0.0,-18485480592.952526,26553260579.904854,0.0,0.0,66190576903.36871,0.0,0.0,-0.0,-34385121818.305275,-65415845577.28887,116434811683.40417
0.0,35396002249.305,0.0,-47464653053.54442,68180066757.15203,0.0,0.0,169955698600.01935,0.0,0.0,-0.0,-88289718468.66345,-167966442577.31625,298966419191.42303
0.0,292023274.55780965,0.0,-391591776.7441812,562497601.106479,0.0,0.0,1402164551.9562113,0.0,0.0,-0.0,-728405781.9696987,-1385752838.181529,2466525798.596828
0.0,32319488763.196743,0.0,-43339168932.36669,62254061515.52173,0.0,0.0,155183663184.8002,0.0,0.0,-0.0,-80615843107.2481,-153367307280.536,272981162041.2609
0.0,0.0,0.0,-0.0,0.0,0.0,0.0,0.0,0.0,0.0,-0.0,-0.0,-0.0,0.0
0.0,0.0,0.0,-0.0,0.0,0.0,0.0,0.0,0.0,0.0,-0.0,-0.0,-0.0,0.0
0.0,0.0,0.0,-0.0,0.0,0.0,0.0,0.0,0.0,0.0,-0.0,-0.0,-0.0,0.0
0.0,0.0,0.0,-0.0,0.0,0.0,0.0,0.0,0.0,0.0,-0.0,-0.0,-0.0,0.0
0.0,4242740376.311234,0.0,-5689348716.261631,8172400941.008644,0.0,0.0,20371732930.620525,0.0,0.0,-0.0,-10582843529.102362,-20133290838.0108,35835597730.236496
0.0,0.0,0.0,-0.0,0.0,0.0,0.0,0.0,0.0,0.0,-0.0,-0.0,-0.0,0.0
0.0,65107732614.019104,0.0,-87306920082.70605,125411042884.58981,0.0,0.0,312618077678.42346,0.0,0.0,-0.0,-162400921497.7839,-308959021824.7493,549921585612.6271
0.0,-0.0,-0.0,0.0,-0.0,0.0,-0.0,0.0,-0.0,0.0,-0.0,0.0,-0.0,0.0
0.0,-0.0,-0.0,0.0,-0.0,21075898548.39842,-17858954778.35793,10033743949.938194,-0.0,25507881473.738895,-0.0,25099372201.198875,-0.0,17855121383.911358
0.0,-0.0,-0.0,0.0,-0.0,0.0,-0.0,0.0,-0.0,0.0,-0.0,0.0,-0.0,0.0
0.0,-0.0,-0.0,0.0,-0.0,51971613320.02569,-44038866950.76046,24742473471.33687,-0.0,62900556743.61487,-0.0,61893202969.28631,-0.0,44029414082.432076
0.0,-0.0,-0.0,0.0,-0.0,166285110634.0668,-140903993455.2975,79164464516.56314,-0.0,201252671773.9234,-0.0,198029605890.2379,-0.0,140873748651.34818
0.0,-0.0,-0.0,0.0,-0.0,0.0,-0.0,0.0,-0.0,0.0,-0.0,0.0,-0.0,0.0
0.0,-0.0,-0.0,0.0,-0.0,0.0,-0.0,0.0,-0.0,0.0,-0.0,0.0,-0.0,0.0
0.0,-0.0,-0.0,0.0,-0.0,62862405232.6654,-53267330440.54694,29927325600.537712,-0.0,76081538262.61531,-0.0,74863090784.67072,-0.0,53255896698.134315
0.0,-0.0,-0.0,0.0,-0.0,0.0,-0.0,0.0,-0.0,0.0,-0.0,0.0,-0.0,0.0
0.0,-0.0,-0.0,0.0,-0.0,0.0,-0.0,0.0,-0.0,0.0,-0.0,0.0,-0.0,0.0
0.0,-0.0,-0.0,0.0,-0.0,0.0,-0.0,0.0,-0.0,0.0,-0.0,0.0,-0.0,0.0
0.0,-0.0,-0.0,0.0,-0.0,99415583083.55092,-84241172374.03104,47329441399.78122,-0.0,120321366328.2016,-0.0,118394417048.60898,-0.0,84223090148.81914
0.0,-0.0,-0.0,0.0,-0.0,150099940881.21814,-127189265514.64053,71459082527.11014,-0.0,181663974725.49408,-0.0,178754622247.97675,-0.0,127161964553.8543
0.0,-0.0,-0.0,0.0,-0.0,212176499949.91977,-179790698315.15347,101012285089.65985,-0.0,256794413761.6186,-0.0,252681845680.80402,-0.0,179752106545.7571
-0.0,0.0,0.0,0.0,0.0,0.0,0.0,0.0,0.0,0.0,-0.0,0.0,0.0,-0.0
-0.0,0.0,0.0,0.0,0.0,0.0,0.0,0.0,0.0,0.0,-0.0,0.0,0.0,-0.0
-0.0,0.0,0.0,0.0,0.0,0.0,0.0,0.0,0.0,0.0,-0.0,0.0,0.0,-0.0
-0.0,0.0,0.0,0.0,0.0,0.0,0.0,0.0,0.0,0.0,-0.0,0.0,0.0,-0.0
-0.0,0.0,0.0,0.0,0.0,0.0,0.0,0.0,0.0,0.0,-0.0,0.0,0.0,-0.0
-310056354755.5362,124085919370.05014,0.0,405472822296.47034,0.0,0.0,141422528831.8613,414878458828.52057,0.0,0.0,-0.0,0.0,0.0,-0.0
-357527052424.0344,143083901746.43982,0.0,467552110351.0712,0.0,0.0,163074805931.56778,478397782287.4749,0.0,0.0,-0.0,0.0,0.0,-0.0
-51126515329.37773,20461056712.85075,0.0,66860143799.12139,0.0,0.0,23319764221.386013,68411079340.23478,0.0,0.0,-0.0,0.0,0.0,-0.0
-0.0,0.0,0.0,0.0,0.0,0.0,0.0,0.0,0.0,0.0,-0.0,0.0,0.0,-0.0
-18293363312.009163,7321084603.251376,0.0,23922946708.392277,0.0,0.0,8343946707.572315,24477880428.09353,0.0,0.0,-0.0,0.0,0.0,-0.0
-0.0,0.0,0.0,0.0,0.0,0.0,0.0,0.0,0.0,0.0,-0.0,0.0,0.0,-0.0
-114549225441.8815,45843104758.45587,0.0,149800502455.15897,0.0,0.0,52248053907.795654,153275381660.2109,0.0,0.0,-0.0,0.0,0.0,-0.0
-0.0,0.0,0.0,0.0,0.0,0.0,0.0,0.0,0.0,0.0,-0.0,0.0,0.0,-0.0
-374294622983.15186,149794357366.90512,0.0,489479718198.4288,0.0,0.0,170722809897.51364,500834038552.40454,0.0,0.0,-0.0,0.0,0.0,-0.0
207536182454.99524,105186169029.11552,-141647415286.83698,190167549780.88214,218110604709.317,-0.0,-304466867771.8891,306525572341.8506,-0.0,-0.0,165111830310.7132,87498410557.35442,-135465854146.31976,0.0
325803245785.9708,165127809888.80884,-222366948797.72302,298536882720.2561,342403633496.7572,-0.0,-477971082347.91986,481202965208.4101,-0.0,-0.0,259202851264.54114,137360463238.17004,-212662748499.82233,0.0
0.0,0.0,-0.0,0.0,0.0,-0.0,-0.0,0.0,-0.0,-0.0,0.0,0.0,-0.0,0.0
144752205238.6955,73365182627.25792,-98796149599.49095,132637942309.60873,152127646582.617,-0.0,-212359358309.27423,213795262270.26926,-0.0,-0.0,115162094945.32773,61028336038.72603,-94484638246.03465,0.0
0.0,0.0,-0.0,0.0,0.0,-0.0,-0.0,0.0,-0.0,-0.0,0.0,0.0,-0.0,0.0
0.0,0.0,-0.0,0.0,0.0,-0.0,-0.0,0.0,-0.0,-0.0,0.0,0.0,-0.0,0.0
186910604240.8024,94732447028.94432,-127570063529.29247,171268119207.33597,196434108189.2345,-0.0,-274208022684.85855,276062126921.3969,-0.0,-0.0,148702513487.60626,78802551892.03651,-122002844771.30028,0.0
64879959022.600655,32883298977.67714,-44281813372.2787,59450177271.55863,68185734788.69796,-0.0,-95182428775.10478,95826020974.58888,-0.0,-0.0,51617258532.87625,27353752123.367172,-42349333798.12335,0.0
0.0,0.0,-0.0,0.0,0.0,-0.0,-0.0,0.0,-0.0,-0.0,0.0,0.0,-0.0,0.0
0.0,0.0,-0.0,0.0,0.0,-0.0,-0.0,0.0,-0.0,-0.0,0.0,0.0,-0.0,0.0
0.0,0.0,-0.0,0.0,0.0,-0.0,-0.0,0.0,-0.0,-0.0,0.0,0.0,-0.0,0.0
0.0,0.0,-0.0,0.0,0.0,-0.0,-0.0,0.0,-0.0,-0.0,0.0,0.0,-0.0,0.0
0.0,0.0,-0.0,0.0,0.0,-0.0,-0.0,0.0,-0.0,-0.0,0.0,0.0,-0.0,0.0
0.0,0.0,-0.0,0.0,0.0,-0.0,-0.0,0.0,-0.0,-0.0,0.0,0.0,-0.0,0.0
-0.0,52692399439.29012,-29815283087.22043,-30914392775.78947,0.0,17685701822.819008,7710748341.700617,16703641335.432846,2606388697.498649,-0.0,-29327240995.89568,15891695144.865314,3338338054.969817,0.0
-0.0,152165579257.60315,-86100839399.49417,-89274858123.41745,0.0,51072926856.31319,22267167568.945393,48236923855.51432,7526752437.650899,-0.0,-84691467112.05287,45892178432.48492,9640482295.315758,0.0
-0.0,385719142749.1523,-218253971267.26285,-226299679023.47525,0.0,129462955162.52867,56444255186.02419,122274071502.77351,19079298433.32643,-0.0,-214681403323.98337,116330459294.62224,24437317458.913914,0.0
-0.0,59948928142.78789,-33921291920.13763,-35171765393.39412,0.0,20121286542.52138,8772633305.422287,19003981689.892384,2965327265.4350405,-0.0,-33366039159.306484,18080218408.050858,3798076958.0307426,0.0
-0.0,206145400661.02887,-116644592830.10129,-120944575551.16782,0.0,69190739594.94054,30166310952.06873,65348681635.92053,10196822464.751944,-0.0,-114735254224.79631,62172151917.1973,13060385239.746145,0.0
-0.0,0.0,-0.0,-0.0,0.0,0.0,0.0,0.0,0.0,-0.0,-0.0,0.0,0.0,0.0
-0.0,287184881636.1646,-162499689432.7706,-168490073039.81314,0.0,96390869246.53442,42025232735.67929,91038428897.81781,14205377579.197046,-0.0,-159839755329.90158,86613147963.29272,18194658610.72822,0.0
-0.0,534168069976.2856,-302251793275.17236,-313393994186.171,0.0,179288423176.77875,78167546051.96155,169332806034.09308,26422209558.988625,-0.0,-297304277034.4194,161101718929.40042,33842330482.7137,0.0
-0.0,0.0,-0.0,-0.0,0.0,0.0,0.0,0.0,0.0,-0.0,-0.0,0.0,0.0,0.0
-0.0,0.0,-0.0,-0.0,0.0,0.0,0.0,0.0,0.0,-0.0,-0.0,0.0,0.0,0.0
-0.0,177053524172.83945,-100183347142.6055,-103876503003.4972,0.0,59426328436.75835,25909147855.013,56126473579.26699,8757815342.762642,-0.0,-98543460306.30215,53398225558.51923,11217263282.794836,0.0
-0.0,412882805230.56995,-233624163082.16205,-242236477121.78622,0.0,138580179661.20715,60419252864.283806,130885030204.1157,20422927943.98872,-0.0,-229800002674.19046,124522848477.24171,26158277011.696316,0.0
-0.0,114645822740.3742,-64870791540.05595,-67262186425.63324,0.0,38479778066.552536,16776709677.014336,36343053723.8526,5670866762.296953,-0.0,-63808930860.19975,34576456642.886925,7263410225.576764,0.0
-0.0,0.0,-0.0,-0.0,0.0,0.0,0.0,0.0,0.0,-0.0,-0.0,0.0,0.0,0.0
-0.0,0.0,0.0,-0.0,0.0,0.0,-0.0,0.0,0.0,-0.0,0.0,-0.0,-0.0,-0.0
-133329601625.04718,216298004358.21594,0.0,-0.0,0.0,0.0,-0.0,0.0,356835558545.7694,-0.0,0.0,-19647925074.10944,-0.0,-0.0
-161040265305.12054,261252471936.22134,0.0,-0.0,0.0,0.0,-0.0,0.0,430998760351.1768,-0.0,0.0,-23731467191.56857,-0.0,-0.0
-197099172861.36826,319750132235.9021,0.0,-0.0,0.0,0.0,-0.0,0.0,527504714479.57135,-0.0,0.0,-29045236266.734684,-0.0,-0.0
-0.0,0.0,0.0,-0.0,0.0,0.0,-0.0,0.0,0.0,-0.0,0.0,-0.0,-0.0,-0.0
-125051469920.58725,202868553241.09213,0.0,-0.0,0.0,0.0,-0.0,0.0,334680450344.19,-0.0,0.0,-18428030095.79666,-0.0,-0.0
-116402948968.23787,188838226893.12857,0.0,-0.0,0.0,0.0,-0.0,0.0,311534053992.4992,-0.0,0.0,-17153553238.425594,-0.0,-0.0
-150112898834.52847,243525219085.5991,0.0,-0.0,0.0,0.0,-0.0,0.0,401753394952.6236,-0.0,0.0,-22121171540.379917,-0.0,-0.0
-189413792963.17212,307282290777.93823,0.0,-0.0,0.0,0.0,-0.0,0.0,506936012592.0375,-0.0,0.0,-27912691306.2354,-0.0,-0.0
-0.0,0.0,0.0,-0.0,0.0,0.0,-0.0,0.0,0.0,-0.0,0.0,-0.0,-0.0,-0.0
-5470160201.226564,8874133880.429827,0.0,-0.0,0.0,0.0,-0.0,0.0,14640017272.59964,-0.0,0.0,-806102294.3676475,-0.0,-0.0
-381865104983.7639,619492289299.0345,0.0,-0.0,0.0,0.0,-0.0,0.0,1022001463780.1335,-0.0,0.0,-56273002241.75011,-0.0,-0.0
-242804067297.37888,393896288343.93085,0.0,-0.0,0.0,0.0,-0.0,0.0,649826624509.8303,-0.0,0.0,-35780472331.747574,-0.0,-0.0
-0.0,0.0,0.0,-0.0,0.0,0.0,-0.0,0.0,0.0,-0.0,0.0,-0.0,-0.0,-0.0
-12108498777.148384,-0.0,196227892612.05258,112614645096.45879,0.0,0.0,-0.0,-33851802236.099316,-45019396966.16229,-63020783338.58113,-0.0,18041720978.414566,105564631438.1937,-0.0
-1975749465.981637,-0.0,32018597943.011864,18375384843.821205,0.0,0.0,-0.0,-5523614563.740365,-7345836271.840297,-10283130990.765945,-0.0,2943876135.6415715,17225030784.508095,-0.0
-0.0,-0.0,0.0,0.0,0.0,0.0,-0.0,-0.0,-0.0,-0.0,-0.0,0.0,0.0,-0.0
-0.0,-0.0,0.0,0.0,0.0,0.0,-0.0,-0.0,-0.0,-0.0,-0.0,0.0,0.0,-0.0
-0.0,-0.0,0.0,0.0,0.0,0.0,-0.0,-0.0,-0.0,-0.0,-0.0,0.0,0.0,-0.0
-0.0,-0.0,0.0,0.0,0.0,0.0,-0.0,-0.0,-0.0,-0.0,-0.0,0.0,0.0,-0.0
-0.0,-0.0,0.0,0.0,0.0,0.0,-0.0,-0.0,-0.0,-0.0,-0.0,0.0,0.0,-0.0
-0.0,-0.0,0.0,0.0,0.0,0.0,-0.0,-0.0,-0.0,-0.0,-0.0,0.0,0.0,-0.0
-37814122655.164154,-0.0,612808056238.9939,351688849362.7246,0.0,0.0,-0.0,-105717168198.42505,-140592903387.22757,-196810164071.45886,-0.0,56343223263.60972,329672075351.2891,-0.0
-0.0,-0.0,0.0,0.0,0.0,0.0,-0.0,-0.0,-0.0,-0.0,-0.0,0.0,0.0,-0.0
-0.0,-0.0,0.0,0.0,0.0,0.0,-0.0,-0.0,-0.0,-0.0,-0.0,0.0,0.0,-0.0
-32100685577.18059,-0.0,520217245601.0866,298551239105.67535,0.0,0.0,-0.0,-89744078089.40941,-119350345033.06071,-167073589221.25964,-0.0,47830174744.06536,279861038452.0735,-0.0
-0.0,-0.0,0.0,0.0,0.0,0.0,-0.0,-0.0,-0.0,-0.0,-0.0,0.0,0.0,-0.0
-0.0,-0.0,0.0,0.0,0.0,0.0,-0.0,-0.0,-0.0,-0.0,-0.0,0.0,0.0,-0.0
-0.0,0.0,-0.0,130707270827.10335,-353409264700.01416,22684057579.568962,0.0,320808479231.7512,176166362741.03973,-241349830459.29526,-0.0,0.0,285924776909.7857,-0.0
-0.0,0.0,-0.0,0.0,-0.0,0.0,0.0,0.0,0.0,-0.0,-0.0,0.0,0.0,-0.0
-0.0,0.0,-0.0,120408431369.48267,-325563030462.6263,20896708905.076088,0.0,295530964038.1119,162285657588.05048,-222333113628.65942,-0.0,0.0,263395859002.4945,-0.0
-0.0,0.0,-0.0,10338392913.940542,-27953179764.028393,1794213119.561256,0.0,25374595364.39072,13934015030.01152,-19089751941.203667,-0.0,0.0,22615441886.429512,-0.0
-0.0,0.0,-0.0,0.0,-0.0,0.0,0.0,0.0,0.0,-0.0,-0.0,0.0,0.0,-0.0
-0.0,0.0,-0.0,0.0,-0.0,0.0,0.0,0.0,0.0,-0.0,-0.0,0.0,0.0,-0.0
-0.0,0.0,-0.0,0.0,-0.0,0.0,0.0,0.0,0.0,-0.0,-0.0,0.0,0.0,-0.0
-0.0,0.0,-0.0,20398141479.719166,-55152954659.501465,3540067915.99382,0.0,50065284860.23498,27492475119.556374,-37664989534.72213,-0.0,0.0,44621343671.675545,-0.0
-0.0,0.0,-0.0,64073259592.023735,-173242723347.06863,11119821420.02426,0.0,157261679775.47607,86357499623.87463,-118310712492.53508,-0.0,0.0,140161540661.08255,-0.0
-0.0,0.0,-0.0,39177744013.946884,-105929667240.08212,6799240741.74535,0.0,96158020876.05782,52803494554.37803,-72341361086.5713,-0.0,0.0,85702100932.3503,-0.0
-0.0,0.0,-0.0,0.0,-0.0,0.0,0.0,0.0,0.0,-0.0,-0.0,0.0,0.0,-0.0
-0.0,0.0,-0.0,31285623545.009117,-84590774046.13998,5429574662.655611,0.0,76787566963.79774,42166548740.04787,-57768629783.336914,-0.0,0.0,68437929091.35836,-0.0
-0.0,0.0,-0.0,54147298596.510666,-146404686299.34003,9397185262.678337,0.0,132899359058.85435,72979357503.51775,-99982512475.40259,-0.0,0.0,118448301869.55844,-0.0
-0.0,0.0,-0.0,0.0,-0.0,0.0,0.0,0.0,0.0,-0.0,-0.0,0.0,0.0,-0.0
0.0,0.0,-0.0,-0.0,-0.0,-0.0,-0.0,0.0,-0.0,0.0,0.0,0.0,-0.0,-0.0
0.0,0.0,-0.0,-0.0,-0.0,-0.0,-0.0,0.0,-0.0,0.0,0.0,0.0,-0.0,-0.0
0.0,0.0,-0.0,-0.0,-0.0,-0.0,-0.0,0.0,-0.0,0.0,0.0,0.0,-0.0,-0.0
0.0,0.0,-21408226431.747147,-21127277831.141296,-247532193627.32138,-0.0,-0.0,281651488841.0699,-0.0,0.0,0.0,26198706530.940723,-0.0,-0.0
0.0,0.0,-9051806108.113998,-8933015685.790232,-104661328642.71028,-0.0,-0.0,119087616864.43611,-0.0,0.0,0.0,11077312385.382019,-0.0,-0.0
0.0,0.0,-12405161871.190699,-12242364038.3524,-143434438161.78098,-0.0,-0.0,163205126845.72675,-0.0,0.0,0.0,15181042501.035297,-0.0,-0.0
0.0,0.0,-0.0,-0.0,-0.0,-0.0,-0.0,0.0,-0.0,0.0,0.0,0.0,-0.0,-0.0
0.0,0.0,-35749576747.397316,-35280420949.20666,-413353772286.7475,-0.0,-0.0,470329550579.2542,-0.0,0.0,0.0,43749194861.91031,-0.0,-0.0
0.0,0.0,-42715038080.43318,-42154471785.42582,-493891780836.3863,-0.0,-0.0,561968741764.4321,-0.0,0.0,0.0,52273304876.28337,-0.0,-0.0
0.0,0.0,-28932658230.527756,-28552963543.179916,-334533287103.6731,-0.0,-0.0,380644622418.30536,-0.0,0.0,0.0,35406866820.94956,-0.0,-0.0
0.0,0.0,-0.0,-0.0,-0.0,-0.0,-0.0,0.0,-0.0,0.0,0.0,0.0,-0.0,-0.0
0.0,0.0,-0.0,-0.0,-0.0,-0.0,-0.0,0.0,-0.0,0.0,0.0,0.0,-0.0,-0.0
0.0,0.0,-11860833135.175447,-11705178743.067308,-137140647944.744,-0.0,-0.0,156043814375.19333,-0.0,0.0,0.0,14514910308.50235,-0.0,-0.0
0.0,0.0,-0.0,-0.0,-0.0,-0.0,-0.0,0.0,-0.0,0.0,0.0,0.0,-0.0,-0.0
-0.0,-0.0,-0.0,0.0,0.0,0.0,0.0,0.0,-0.0,-0.0,0.0,0.0,-0.0,0.0
-0.0,-0.0,-0.0,0.0,0.0,0.0,0.0,0.0,-0.0,-0.0,0.0,0.0,-0.0,0.0
-68879210596.87155,-0.0,-33579800806.374653,13942597567.960255,207154118188.7311,112378686030.83768,0.0,187577587675.59625,-0.0,-0.0,0.0,0.0,-0.0,0.0
-144736329841.98734,-0.0,-70561452191.79416,29297670268.916264,435294285728.23987,236142058360.1638,0.0,394157995794.63385,-0.0,-0.0,0.0,0.0,-0.0,0.0
-41370840713.035576,-0.0,-20168996977.428875,8374326275.10745,124422738767.92354,67497880405.92301,0.0,112664509854.51657,-0.0,-0.0,0.0,0.0,-0.0,0.0
-0.0,-0.0,-0.0,0.0,0.0,0.0,0.0,0.0,-0.0,-0.0,0.0,0.0,-0.0,0.0
-0.0,-0.0,-0.0,0.0,0.0,0.0,0.0,0.0,-0.0,-0.0,0.0,0.0,-0.0,0.0
-158504692245.8954,-0.0,-77273765863.0285,32084675731.145573,476702614133.4146,258605592165.78857,0.0,431653143947.3008,-0.0,-0.0,0.0,0.0,-0.0,0.0
-0.0,-0.0,-0.0,0.0,0.0,0.0,0.0,0.0,-0.0,-0.0,0.0,0.0,-0.0,0.0
-0.0,-0.0,-0.0,0.0,0.0,0.0,0.0,0.0,-0.0,-0.0,0.0,0.0,-0.0,0.0
-0.0,-0.0,-0.0,0.0,0.0,0.0,0.0,0.0,-0.0,-0.0,0.0,0.0,-0.0,0.0
-2043938108.6345823,-0.0,-996455010.9351106,413735962.6447891,6147140666.356167,3334751908.250564,0.0,5566222034.973632,-0.0,-0.0,0.0,0.0,-0.0,0.0
-0.0,-0.0,-0.0,0.0,0.0,0.0,0.0,0.0,-0.0,-0.0,0.0,0.0,-0.0,0.0
-0.0,-0.0,-0.0,0.0,0.0,0.0,0.0,0.0,-0.0,-0.0,0.0,0.0,-0.0,0.0
59635026074.461464,0.0,0.0,-0.0,25476872971.220383,53183541813.194595,-58467361284.74299,30640562772.40611,31261790920.254204,0.0,54293112.578496195,-0.0,-90152902319.38982,125398806873.18616
0.0,0.0,0.0,-0.0,0.0,0.0,-0.0,0.0,0.0,0.0,0.0,-0.0,-0.0,0.0
102365329887.915,0.0,0.0,-0.0,43731824699.04757,91291161598.85152,-100360997882.61345,52595454762.313416,53661811708.49343,0.0,93195773.45032057,-0.0,-154750189506.9919,215250853032.18866
78427883389.30382,0.0,0.0,-0.0,33505430516.893127,69943335152.52104,-76892250993.4784,40296360080.339096,41113356599.74615,0.0,71402566.28431594,-0.0,-118562894589.56612,164915883332.1913
29196592551.153473,0.0,0.0,-0.0,12473171030.217136,26038023338.972755,-28624917893.72696,15001251541.115576,15305397381.370285,0.0,26581255.859752283,-0.0,-44137778241.8775,61393749809.14289
180401254687.77652,0.0,0.0,-0.0,77069805315.26099,160884941340.68796,-176868964907.99283,92690425951.68439,94569696318.3851,0.0,164241491.5327739,-0.0,-272720542988.5334,379342537186.5614
0.0,0.0,0.0,-0.0,0.0,0.0,-0.0,0.0,0.0,0.0,0.0,-0.0,-0.0,0.0
37053979616.87721,0.0,0.0,-0.0,15829950851.344454,33045376249.837505,-36328455874.109825,19038388396.1207,19424385965.72102,0.0,33734803.50806714,-0.0,-56016137240.787796,77916035922.54692
0.0,0.0,0.0,-0.0,0.0,0.0,-0.0,0.0,0.0,0.0,0.0,-0.0,-0.0,0.0
0.0,0.0,0.0,-0.0,0.0,0.0,-0.0,0.0,0.0,0.0,0.0,-0.0,-0.0,0.0
0.0,0.0,0.0,-0.0,0.0,0.0,-0.0,0.0,0.0,0.0,0.0,-0.0,-0.0,0.0
0.0,0.0,0.0,-0.0,0.0,0.0,-0.0,0.0,0.0,0.0,0.0,-0.0,-0.0,0.0
0.0,0.0,0.0,-0.0,0.0,0.0,-0.0,0.0,0.0,0.0,0.0,-0.0,-0.0,0.0
0.0,0.0,0.0,-0.0,0.0,0.0,-0.0,0.0,0.0,0.0,0.0,-0.0,-0.0,0.0
0.0,-0.0,-159380031563.9571,155038834242.90454,0.0,0.0,-0.0,-0.0,-0.0,83887936583.84335,0.0,84094783292.2494,-26746180298.24907,0.0
0.0,-0.0,-0.0,0.0,0.0,0.0,-0.0,-0.0,-0.0,0.0,0.0,0.0,-0.0,0.0
0.0,-0.0,-0.0,0.0,0.0,0.0,-0.0,-0.0,-0.0,0.0,0.0,0.0,-0.0,0.0
0.0,-0.0,-0.0,0.0,0.0,0.0,-0.0,-0.0,-0.0,0.0,0.0,0.0,-0.0,0.0
0.0,-0.0,-36448516373.88228,35455730765.25889,0.0,0.0,-0.0,-0.0,-0.0,19184277981.0245,0.0,19231581621.036625,-6116566680.113505,0.0
0.0,-0.0,-274697043689.8083,267214838682.91122,0.0,0.0,-0.0,-0.0,-0.0,144583784773.3938,0.0,144940292290.29257,-46097974669.90287,0.0
0.0,-0.0,-70192385942.9729,68280483963.63592,0.0,0.0,-0.0,-0.0,-0.0,36944994695.209816,0.0,37036091828.552055,-11779256106.130646,0.0
0.0,-0.0,-149180684217.06235,145117296976.38397,0.0,0.0,-0.0,-0.0,-0.0,78519621651.05608,0.0,78713231435.07523,-25034588322.845005,0.0
0.0,-0.0,-157197817605.0389,152916059482.85876,0.0,0.0,-0.0,-0.0,-0.0,82739352131.94075,0.0,82943366717.84056,-26379974523.14756,0.0
0.0,-0.0,-0.0,0.0,0.0,0.0,-0.0,-0.0,-0.0,0.0,0.0,0.0,-0.0,0.0
0.0,-0.0,-92039443811.64096,89532471118.85464,0.0,0.0,-0.0,-0.0,-0.0,48443954678.12927,0.0,48563405375.99366,-15445495490.122705,0.0
0.0,-0.0,-0.0,0.0,0.0,0.0,-0.0,-0.0,-0.0,0.0,0.0,0.0,-0.0,0.0
0.0,-0.0,-21054750360.788364,20481260539.229343,0.0,0.0,-0.0,-0.0,-0.0,11081937591.069548,0.0,11109262882.485949,-3533279192.872364,0.0
0.0,-0.0,-85707870900.75124,83373357750.66348,0.0,0.0,-0.0,-0.0,-0.0,45111400520.542984,0.0,45222633971.850204,-14382969720.837671,0.0
0.0,0.0,0.0,-0.0
0.0,0.0,0.0,-0.0
287746215161.2614,0.0,0.0,-287746215161.2614
1233956578253.8455,0.0,0.0,-1233956578253.8455
0.0,0.0,0.0,-0.0
0.0,0.0,0.0,-0.0
0.0,0.0,0.0,-0.0
0.0,0.0,0.0,-0.0
0.0,0.0,0.0,-0.0
633436739849.9238,0.0,0.0,-633436739849.9238
0.0,0.0,0.0,-0.0
132970716976.00577,0.0,0.0,-132970716976.00577
979637234369.3801,0.0,0.0,-979637234369.3801
0.0,0.0,0.0,-0.0
