-59319634674.48504,-10099441495.991339,-0.0,0.0,0.0,0.0,118953286017.227,-0.0,0.0,42094660787.18099,0.0,0.0,0.0,-21783470330.423393
59319634674.48504,10099441495.991339,0.0,-0.0,-0.0,-0.0,-118953286017.227,0.0,-0.0,-42094660787.18099,-0.0,-0.0,-0.0,21783470330.423393
59319634674.48504,10099441495.991339,0.0,-0.0,-0.0,-0.0,-118953286017.227,0.0,-0.0,-42094660787.18099,-0.0,-0.0,-0.0,21783470330.423393
59319634674.48504,10099441495.991339,0.0,-0.0,-0.0,-0.0,-118953286017.227,0.0,-0.0,-42094660787.18099,-0.0,-0.0,-0.0,21783470330.423393
-59319634674.48504,-10099441495.991339,-0.0,0.0,0.0,0.0,118953286017.227,-0.0,0.0,42094660787.18099,0.0,0.0,0.0,-21783470330.423393
-59319634674.48504,-10099441495.991339,-0.0,0.0,0.0,0.0,118953286017.227,-0.0,0.0,42094660787.18099,0.0,0.0,0.0,-21783470330.423393
59319634674.48504,10099441495.991339,0.0,-0.0,-0.0,-0.0,-118953286017.227,0.0,-0.0,-42094660787.18099,-0.0,-0.0,-0.0,21783470330.423393
-59319634674.48504,-10099441495.991339,-0.0,0.0,0.0,0.0,118953286017.227,-0.0,0.0,42094660787.18099,0.0,0.0,0.0,-21783470330.423393
59319634674.48504,10099441495.991339,0.0,-0.0,-0.0,-0.0,-118953286017.227,0.0,-0.0,-42094660787.18099,-0.0,-0.0,-0.0,21783470330.423393
59319634674.48504,10099441495.991339,0.0,-0.0,-0.0,-0.0,-118953286017.227,0.0,-0.0,-42094660787.18099,-0.0,-0.0,-0.0,21783470330.423393
-59319634674.48504,-10099441495.991339,-0.0,0.0,0.0,0.0,118953286017.227,-0.0,0.0,42094660787.18099,0.0,0.0,0.0,-21783470330.423393
-59319634674.48504,-10099441495.991339,-0.0,0.0,0.0,0.0,118953286017.227,-0.0,0.0,42094660787.18099,0.0,0.0,0.0,-21783470330.423393
59319634674.48504,10099441495.991339,0.0,-0.0,-0.0,-0.0,-118953286017.227,0.0,-0.0,-42094660787.18099,-0.0,-0.0,-0.0,21783470330.423393
59319634674.48504,10099441495.991339,0.0,-0.0,-0.0,-0.0,-118953286017.227,0.0,-0.0,-42094660787.18099,-0.0,-0.0,-0.0,21783470330.423393
-0.0,-47166424954.44583,-0.0,-0.0,-0.0,125362309701.75415,0.0,81790434876.48322,-60017717299.34302,145316346198.97122,-59945847969.76936,59054816336.69105,0.0,-0.0
-0.0,-18120151074.773346,-0.0,-0.0,-0.0,48161038134.05925,0.0,31421822575.373936,-23057293523.464817,55826875776.62651,-23029683139.366913,22687371255.02599,0.0,-0.0
-0.0,-0.0,-0.0,-0.0,-0.0,0.0,0.0,0.0,-0.0,0.0,-0.0,0.0,0.0,-0.0
-0.0,-0.0,-0.0,-0.0,-0.0,0.0,0.0,0.0,-0.0,0.0,-0.0,0.0,0.0,-0.0
-0.0,-0.0,-0.0,-0.0,-0.0,0.0,0.0,0.0,-0.0,0.0,-0.0,0.0,0.0,-0.0
-0.0,-0.0,-0.0,-0.0,-0.0,0.0,0.0,0.0,-0.0,0.0,-0.0,0.0,0.0,-0.0
-0.0,-4302124526.822294,-0.0,-0.0,-0.0,11434495360.373358,0.0,7460235459.469842,-5474311311.208514,13254534719.020853,-5467755995.519786,5386483585.186735,0.0,-0.0
-0.0,-0.0,-0.0,-0.0,-0.0,0.0,0.0,0.0,-0.0,0.0,-0.0,0.0,0.0,-0.0
-0.0,-0.0,-0.0,-0.0,-0.0,0.0,0.0,0.0,-0.0,0.0,-0.0,0.0,0.0,-0.0
-0.0,-4090990642.603384,-0.0,-0.0,-0.0,10873328568.369324,0.0,7094112052.319434,-5205650419.745966,12604046482.036152,-5199416817.028355,5122132984.795838,0.0,-0.0
-0.0,-0.0,-0.0,-0.0,-0.0,0.0,0.0,0.0,-0.0,0.0,-0.0,0.0,0.0,-0.0
-0.0,-0.0,-0.0,-0.0,-0.0,0.0,0.0,0.0,-0.0,0.0,-0.0,0.0,0.0,-0.0
-0.0,-0.0,-0.0,-0.0,-0.0,0.0,0.0,0.0,-0.0,0.0,-0.0,0.0,0.0,-0.0
-0.0,-42260963112.02478,-0.0,-0.0,-0.0,112324221118.32506,0.0,73283963212.60117,-53775679189.27867,130202972818.48761,-53711284504.09887,52912923063.44403,0.0,-0.0
-0.0,0.0,-0.0,0.0,0.0,-0.0,0.0,0.0,0.0,0.0,0.0,0.0,-0.0,0.0
-0.0,178658292448.47556,-144089759875.9248,0.0,0.0,-0.0,0.0,0.0,30028862171.440975,0.0,5421386667.913057,0.0,-0.0,119250265857.74483
-0.0,0.0,-0.0,0.0,0.0,-0.0,0.0,0.0,0.0,0.0,0.0,0.0,-0.0,0.0
-0.0,0.0,-0.0,0.0,0.0,-0.0,0.0,0.0,0.0,0.0,0.0,0.0,-0.0,0.0
-0.0,0.0,-0.0,0.0,0.0,-0.0,0.0,0.0,0.0,0.0,0.0,0.0,-0.0,0.0
-0.0,192482324976.54794,-155238985026.28485,0.0,0.0,-0.0,0.0,0.0,32352403730.860737,0.0,5840876995.607207,0.0,-0.0,128477486892.97426
-0.0,0.0,-0.0,0.0,0.0,-0.0,0.0,0.0,0.0,0.0,0.0,0.0,-0.0,0.0
-0.0,13529680699.20101,-10911827357.288963,0.0,0.0,-0.0,0.0,0.0,2274066942.944069,0.0,410558220.1560711,0.0,-0.0,9030748017.562204
-0.0,78145300543.57492,-63024992774.9814,0.0,0.0,-0.0,0.0,0.0,13134651782.51157,0.0,2371319487.726421,0.0,-0.0,52160175369.64989
-0.0,77942934567.74985,-62861782523.366005,0.0,0.0,-0.0,0.0,0.0,13100638136.052965,0.0,2365178691.302467,0.0,-0.0,52025100775.08741
-0.0,18470748457.269375,-14896849586.223963,0.0,0.0,-0.0,0.0,0.0,3104560958.3818164,0.0,560494942.9453158,0.0,-0.0,12328796127.703602
-0.0,215281418067.0835,-173626689306.79868,0.0,0.0,-0.0,0.0,0.0,36184472282.88157,0.0,6532715575.432348,0.0,-0.0,143695352658.40427
-0.0,0.0,-0.0,0.0,0.0,-0.0,0.0,0.0,0.0,0.0,0.0,0.0,-0.0,0.0
-0.0,0.0,-0.0,0.0,0.0,-0.0,0.0,0.0,0.0,0.0,0.0,0.0,-0.0,0.0
0.0,0.0,-0.0,-0.0,0.0,-0.0,-0.0,0.0,0.0,0.0,0.0,0.0,-0.0,0.0
0.0,0.0,-0.0,-61687887875.158264,0.0,-165191801916.80106,-33115465933.47003,38776622628.67651,155588636172.15356,0.0,55444252789.54231,0.0,-103170043053.10284,0.0
0.0,0.0,-0.0,-53996459388.595856,0.0,-144595199005.37097,-28986531602.926216,33941838521.5846,136189384395.82866,0.0,48531299209.66488,0.0,-90306496651.50755,0.0
0.0,0.0,-0.0,-0.0,0.0,-0.0,-0.0,0.0,0.0,0.0,0.0,0.0,-0.0,0.0
0.0,0.0,-0.0,-0.0,0.0,-0.0,-0.0,0.0,0.0,0.0,0.0,0.0,-0.0,0.0
0.0,0.0,-0.0,-0.0,0.0,-0.0,-0.0,0.0,0.0,0.0,0.0,0.0,-0.0,0.0
0.0,0.0,-0.0,-0.0,0.0,-0.0,-0.0,0.0,0.0,0.0,0.0,0.0,-0.0,0.0
0.0,0.0,-0.0,-0.0,0.0,-0.0,-0.0,0.0,0.0,0.0,0.0,0.0,-0.0,0.0
0.0,0.0,-0.0,-78924771141.31445,0.0,-211349838838.544,-42368618217.67166,49611620238.88724,199063348171.81412,0.0,70936534111.39075,0.0,-131997906186.77928,0.0
0.0,0.0,-0.0,-0.0,0.0,-0.0,-0.0,0.0,0.0,0.0,0.0,0.0,-0.0,0.0
0.0,0.0,-0.0,-102788656698.91063,0.0,-275254089604.48944,-55179296560.59225,64612310270.51132,259252625768.55847,0.0,92385076912.43045,0.0,-171909113802.99887,0.0
0.0,0.0,-0.0,-0.0,0.0,-0.0,-0.0,0.0,0.0,0.0,0.0,0.0,-0.0,0.0
0.0,0.0,-0.0,-0.0,0.0,-0.0,-0.0,0.0,0.0,0.0,0.0,0.0,-0.0,0.0
0.0,0.0,-0.0,-63381725532.08777,0.0,-169727669561.82373,-34024756641.208237,39841358444.3997,159860818281.42023,0.0,56966651537.01288,0.0,-106002905548.63913,0.0
0.0,0.0,-0.0,-0.0,0.0,0.0,-0.0,0.0,-0.0,0.0,0.0,-0.0,0.0,0.0
0.0,0.0,-0.0,-0.0,0.0,0.0,-0.0,0.0,-0.0,0.0,0.0,-0.0,0.0,0.0
0.0,0.0,-0.0,-0.0,0.0,0.0,-0.0,0.0,-0.0,0.0,0.0,-0.0,0.0,0.0
69888241818.8356,44610124298.23493,-7861672125.24774,-0.0,43542096063.60576,0.0,-0.0,0.0,-0.0,0.0,46786634780.25069,-123915267126.69179,0.0,0.0
0.0,0.0,-0.0,-0.0,0.0,0.0,-0.0,0.0,-0.0,0.0,0.0,-0.0,0.0,0.0
3591541536.9759107,2292504578.9832473,-404009619.54523194,-0.0,2237618840.445468,0.0,-0.0,0.0,-0.0,0.0,2404354978.9702206,-6367978609.400851,0.0,0.0
63916659832.21803,40798424250.45501,-7189933669.30664,-0.0,39821653400.48924,0.0,-0.0,0.0,-0.0,0.0,42788963380.92667,-113327360523.47792,0.0,0.0
101222739134.60774,64611139972.69954,-11386464532.311333,-0.0,63064259688.28054,0.0,-0.0,0.0,-0.0,0.0,67763492171.1697,-179472861710.7646,0.0,0.0
92691963650.65456,59165889887.77149,-10426844457.695768,-0.0,57749376441.078384,0.0,-0.0,0.0,-0.0,0.0,62052570468.56557,-164347380007.67508,0.0,0.0
0.0,0.0,-0.0,-0.0,0.0,0.0,-0.0,0.0,-0.0,0.0,0.0,-0.0,0.0,0.0
222805555096.0991,142218250860.2677,-25063217735.394096,-0.0,138813348726.7771,0.0,-0.0,0.0,-0.0,0.0,149157023585.0854,-395045134324.7707,0.0,0.0
0.0,0.0,-0.0,-0.0,0.0,0.0,-0.0,0.0,-0.0,0.0,0.0,-0.0,0.0,0.0
36883531600.19935,23543000745.503403,-4148998811.7548046,-0.0,22979348661.595444,0.0,-0.0,0.0,-0.0,0.0,24691654525.486717,-65396303467.78449,0.0,0.0
0.0,0.0,-0.0,-0.0,0.0,0.0,-0.0,0.0,-0.0,0.0,0.0,-0.0,0.0,0.0
129249890221.367,-125256392381.87204,0.0,26733764166.66282,-13768122117.178461,-134856110904.11896,-0.0,0.0,0.0,-56431313243.502144,-19543907111.98418,-0.0,-38145359652.944756,-0.0
25663168526.050407,-24870240904.310463,0.0,5308113561.796565,-2733724861.0055785,-26776309790.07222,-0.0,0.0,0.0,-11204700440.62695,-3880533910.0350723,-0.0,-7573939069.377194,-0.0
224175206459.09842,-217248754133.84335,0.0,46367908639.81516,-23879878063.233505,-233898817650.24683,-0.0,0.0,0.0,-97876302064.57864,-33897587103.11234,-0.0,-66160550395.90123,-0.0
0.0,-0.0,0.0,0.0,-0.0,-0.0,-0.0,0.0,0.0,-0.0,-0.0,-0.0,-0.0,-0.0
83293369902.26329,-80719813420.48026,0.0,17228218173.33816,-8872682881.21219,-86906224135.89096,-0.0,0.0,0.0,-36366408048.86712,-12594810576.828321,-0.0,-24582268860.62258,-0.0
0.0,-0.0,0.0,0.0,-0.0,-0.0,-0.0,0.0,0.0,-0.0,-0.0,-0.0,-0.0,-0.0
0.0,-0.0,0.0,0.0,-0.0,-0.0,-0.0,0.0,0.0,-0.0,-0.0,-0.0,-0.0,-0.0
0.0,-0.0,0.0,0.0,-0.0,-0.0,-0.0,0.0,0.0,-0.0,-0.0,-0.0,-0.0,-0.0
0.0,-0.0,0.0,0.0,-0.0,-0.0,-0.0,0.0,0.0,-0.0,-0.0,-0.0,-0.0,-0.0
0.0,-0.0,0.0,0.0,-0.0,-0.0,-0.0,0.0,0.0,-0.0,-0.0,-0.0,-0.0,-0.0
78562459654.71022,-76135076448.74266,0.0,16249687060.970348,-8368730808.9731865,-81970110411.31636,-0.0,0.0,0.0,-34300862943.572887,-11879448495.862886,-0.0,-23186041192.11443,-0.0
16481612039.203854,-15972371513.295275,0.0,3409020530.600543,-1755675357.6739504,-17196502815.05693,-0.0,0.0,0.0,-7195975254.98271,-2492188536.4720387,-0.0,-4864197701.204715,-0.0
0.0,-0.0,0.0,0.0,-0.0,-0.0,-0.0,0.0,0.0,-0.0,-0.0,-0.0,-0.0,-0.0
0.0,-0.0,0.0,0.0,-0.0,-0.0,-0.0,0.0,0.0,-0.0,-0.0,-0.0,-0.0,-0.0
187735542511.08038,-171739088793.1406,-0.0,-0.0,0.0,0.0,0.0,89289164196.21056,-0.0,357419761656.79193,51421264573.03034,0.0,-24390954494.50056,0.0
15148127820.187086,-13857395536.103174,-0.0,-0.0,0.0,0.0,0.0,7204622279.353627,-0.0,28839718694.814182,4149112512.256158,0.0,-1968073234.2798336,0.0
0.0,-0.0,-0.0,-0.0,0.0,0.0,0.0,0.0,-0.0,0.0,0.0,0.0,-0.0,0.0
93095421575.58752,-85163004609.32187,-0.0,-0.0,0.0,0.0,0.0,44277243785.56324,-0.0,177239445156.85504,25499083654.303467,0.0,-12095132125.353846,0.0
151296844087.01328,-138405236393.89136,-0.0,-0.0,0.0,0.0,0.0,71958503825.96822,-0.0,288046052599.83435,41440608127.80645,0.0,-19656770315.988953,0.0
2792735015.126679,-2554773381.3390484,-0.0,-0.0,0.0,0.0,0.0,1328256610.2656615,-0.0,5316940362.628675,764937550.8461273,0.0,-362837381.55300444,0.0
0.0,-0.0,-0.0,-0.0,0.0,0.0,0.0,0.0,-0.0,0.0,0.0,0.0,-0.0,0.0
0.0,-0.0,-0.0,-0.0,0.0,0.0,0.0,0.0,-0.0,0.0,0.0,0.0,-0.0,0.0
0.0,-0.0,-0.0,-0.0,0.0,0.0,0.0,0.0,-0.0,0.0,0.0,0.0,-0.0,0.0
48076358149.1648,-43979897629.36301,-0.0,-0.0,0.0,0.0,0.0,22865664004.37062,-0.0,91530033371.20813,13168242406.469501,0.0,-6246170800.65369,0.0
39065099569.83289,-35736464784.4477,-0.0,-0.0,0.0,0.0,0.0,18579806696.040268,-0.0,74373975170.54836,10700034706.712982,0.0,-5075411151.165955,0.0
0.0,-0.0,-0.0,-0.0,0.0,0.0,0.0,0.0,-0.0,0.0,0.0,0.0,-0.0,0.0
58075896371.61257,-53127401398.25643,-0.0,-0.0,0.0,0.0,0.0,27621558377.316677,-0.0,110567624870.08118,15907142529.83995,0.0,-7545329598.649266,0.0
0.0,-0.0,-0.0,-0.0,0.0,0.0,0.0,0.0,-0.0,0.0,0.0,0.0,-0.0,0.0
-1985342981.7676418,-0.0,-0.0,0.0,-93331985996.13036,46566111383.98737,90721752760.79851,-0.0,-0.0,-0.0,33179074639.310986,40732178331.68703,76868503801.99896,188033093959.561
-749712.5065353124,-0.0,-0.0,0.0,-35244367.24720388,17584465.961749684,34258681.38865259,-0.0,-0.0,-0.0,12529203.991852788,15381434.741569718,29027366.6506257,71005747.35882647
-0.0,-0.0,-0.0,0.0,-0.0,0.0,0.0,-0.0,-0.0,-0.0,0.0,0.0,0.0,0.0
-0.0,-0.0,-0.0,0.0,-0.0,0.0,0.0,-0.0,-0.0,-0.0,0.0,0.0,0.0,0.0
-0.0,-0.0,-0.0,0.0,-0.0,0.0,0.0,-0.0,-0.0,-0.0,0.0,0.0,0.0,0.0
-0.0,-0.0,-0.0,0.0,-0.0,0.0,0.0,-0.0,-0.0,-0.0,0.0,0.0,0.0,0.0
-0.0,-0.0,-0.0,0.0,-0.0,0.0,0.0,-0.0,-0.0,-0.0,0.0,0.0,0.0,0.0
-898091268.8778762,-0.0,-0.0,0.0,-42219728530.496796,21064681741.952175,41038961428.83499,-0.0,-0.0,-0.0,15008911566.747114,18425639326.810326,34772295140.06499,85058794120.71237
-0.0,-0.0,-0.0,0.0,-0.0,0.0,0.0,-0.0,-0.0,-0.0,0.0,0.0,0.0,0.0
-50863118.09783496,-0.0,-0.0,0.0,-2391101119.3642955,1192991661.6079628,2324228743.895262,-0.0,-0.0,-0.0,850025011.9269648,1043530319.8957007,1969318058.7889655,4817278199.38257
-407629545.0499851,-0.0,-0.0,0.0,-19162872782.989418,9560928752.623594,18626941109.740025,-0.0,-0.0,-0.0,6812309623.378078,8363108780.054449,15782599541.356781,38606852946.302444
-0.0,-0.0,-0.0,0.0,-0.0,0.0,0.0,-0.0,-0.0,-0.0,0.0,0.0,0.0,0.0
-388097341.71388555,-0.0,-0.0,0.0,-18244653943.73609,9102801988.393818,17734402269.748974,-0.0,-0.0,-0.0,6485887217.62245,7962377421.894646,15026351749.317537,36756945570.66899
-0.0,-0.0,-0.0,0.0,-0.0,0.0,0.0,-0.0,-0.0,-0.0,0.0,0.0,0.0,0.0
-12290751662.112589,-0.0,-0.0,21665364526.47993,4889882138.682443,-0.0,25561781176.98786,0.0,0.0,34004780604.651585,-14628439658.769838,0.0,-0.0,18748835356.454628
-0.0,-0.0,-0.0,0.0,0.0,-0.0,0.0,0.0,0.0,0.0,-0.0,0.0,-0.0,0.0
-0.0,-0.0,-0.0,0.0,0.0,-0.0,0.0,0.0,0.0,0.0,-0.0,0.0,-0.0,0.0
-0.0,-0.0,-0.0,0.0,0.0,-0.0,0.0,0.0,0.0,0.0,-0.0,0.0,-0.0,0.0
-11507569428.05377,-0.0,-0.0,20284820109.180176,4578292666.944685,-0.0,23932952164.81051,0.0,0.0,31837952995.179455,-13696296990.224476,0.0,-0.0,17554135864.987953
-38857051393.8191,-0.0,-0.0,68494767937.28941,15459298730.948618,-0.0,80813238459.09111,0.0,0.0,107505671249.0255,-46247621566.092155,0.0,-0.0,59274198930.05861
-4080376490.4255133,-0.0,-0.0,7192631215.782984,1623379974.484159,-0.0,8486193020.196036,0.0,0.0,11289163686.303661,-4856459793.19974,0.0,-0.0,6224379851.979416
-0.0,-0.0,-0.0,0.0,0.0,-0.0,0.0,0.0,0.0,0.0,-0.0,0.0,-0.0,0.0
-0.0,-0.0,-0.0,0.0,0.0,-0.0,0.0,0.0,0.0,0.0,-0.0,0.0,-0.0,0.0
-0.0,-0.0,-0.0,0.0,0.0,-0.0,0.0,0.0,0.0,0.0,-0.0,0.0,-0.0,0.0
-3762773845.258137,-0.0,-0.0,6632781234.97695,1497021591.8158605,-0.0,7825656582.703201,0.0,0.0,10410453533.720749,-4478449460.062958,0.0,-0.0,5739895268.227432
-42695124520.58972,-0.0,-0.0,75260282012.97446,16986278182.287304,-0.0,88795499276.40266,0.0,0.0,118124455047.47797,-50815692151.55378,0.0,-0.0,65128958925.06177
-26277749164.85079,-0.0,-0.0,46320764607.65778,10454616594.530968,-0.0,54651342118.17893,0.0,0.0,72702558777.53427,-31275749327.135662,0.0,-0.0,40085196265.8008
-17705682623.292206,-0.0,-0.0,31210464483.32943,7044215324.901874,-0.0,36823523674.38517,0.0,0.0,48986251582.69251,-21073284774.809334,0.0,-0.0,27009001361.653606
37196799176.57218,0.0,0.0,64215862892.29635,21073670674.972015,0.0,0.0,-0.0,40345494128.272026,0.0,-0.0,22626302011.50494,-0.0,-0.0
0.0,0.0,0.0,0.0,0.0,0.0,0.0,-0.0,0.0,0.0,-0.0,0.0,-0.0,-0.0
0.0,0.0,0.0,0.0,0.0,0.0,0.0,-0.0,0.0,0.0,-0.0,0.0,-0.0,-0.0
32321010427.05603,0.0,0.0,55798391799.03267,18311315615.863785,0.0,0.0,-0.0,35056971709.16567,0.0,-0.0,19660426688.008434,-0.0,-0.0
4882977231.735739,0.0,0.0,8429881155.3882475,2766427659.716399,0.0,0.0,-0.0,5296319403.621197,0.0,-0.0,2970247978.4911594,-0.0,-0.0
0.0,0.0,0.0,0.0,0.0,0.0,0.0,-0.0,0.0,0.0,-0.0,0.0,-0.0,-0.0
33239973554.168625,0.0,0.0,57384872665.13112,18831949829.87999,0.0,0.0,-0.0,36053724716.67636,0.0,-0.0,20219419335.542004,-0.0,-0.0
0.0,0.0,0.0,0.0,0.0,0.0,0.0,-0.0,0.0,0.0,-0.0,0.0,-0.0,-0.0
0.0,0.0,0.0,0.0,0.0,0.0,0.0,-0.0,0.0,0.0,-0.0,0.0,-0.0,-0.0
67229974542.36476,0.0,0.0,116064578755.05075,38088824155.73234,0.0,0.0,-0.0,72920966405.38991,0.0,-0.0,40895070056.97995,-0.0,-0.0
27613425556.761135,0.0,0.0,47671304757.22329,15644255669.115496,0.0,0.0,-0.0,29950891563.902817,0.0,-0.0,16796867473.82824,-0.0,-0.0
0.0,0.0,0.0,0.0,0.0,0.0,0.0,-0.0,0.0,0.0,-0.0,0.0,-0.0,-0.0
0.0,0.0,0.0,0.0,0.0,0.0,0.0,-0.0,0.0,0.0,-0.0,0.0,-0.0,-0.0
125888669978.77917,0.0,0.0,217331860536.6033,71321630666.38106,0.0,0.0,-0.0,136545098177.2583,0.0,-0.0,76576348767.14201,-0.0,-0.0
-19017598255.59048,78407017849.76143,1305044829.8259363,0.0,-11871446751.57909,15036720999.921522,34772856642.86497,31639092131.978024,-0.0,-0.0,-0.0,61974210894.18519,-29237541882.333973,-24889092222.54455
-0.0,0.0,0.0,0.0,-0.0,0.0,0.0,0.0,-0.0,-0.0,-0.0,0.0,-0.0,-0.0
-0.0,0.0,0.0,0.0,-0.0,0.0,0.0,0.0,-0.0,-0.0,-0.0,0.0,-0.0,-0.0
-9785332971.369995,40343621031.458374,671498999.5467843,0.0,-6108345425.897379,7737008627.7098675,17892058505.13345,16279608353.396923,-0.0,-0.0,-0.0,31888269017.315952,-15043912419.325142,-12806457023.62229
-866809653.7494448,3573740441.9035573,59483087.28923664,0.0,-541092755.7698445,685363879.7232172,1584923996.2580647,1442089065.4688578,-0.0,-0.0,-0.0,2824743880.094957,-1332627980.4055054,-1134428497.3114228
-0.0,0.0,0.0,0.0,-0.0,0.0,0.0,0.0,-0.0,-0.0,-0.0,0.0,-0.0,-0.0
-0.0,0.0,0.0,0.0,-0.0,0.0,0.0,0.0,-0.0,-0.0,-0.0,0.0,-0.0,-0.0
-0.0,0.0,0.0,0.0,-0.0,0.0,0.0,0.0,-0.0,-0.0,-0.0,0.0,-0.0,-0.0
-18265583306.346638,75306560643.95647,1253439300.659077,0.0,-11402012845.869394,14442122311.507978,33397829803.413227,30387984082.266415,-0.0,-0.0,-0.0,59523557955.06773,-28081398594.461403,-23904900150.921627
-0.0,0.0,0.0,0.0,-0.0,0.0,0.0,0.0,-0.0,-0.0,-0.0,0.0,-0.0,-0.0
-0.0,0.0,0.0,0.0,-0.0,0.0,0.0,0.0,-0.0,-0.0,-0.0,0.0,-0.0,-0.0
-25761424120.292736,106210911266.9523,1767826457.6473641,0.0,-16081177579.771353,20368888954.924618,47103650829.70722,42858622852.29958,-0.0,-0.0,-0.0,83950870657.19487,-39605459456.17576,-33715007126.389717
-0.0,0.0,0.0,0.0,-0.0,0.0,0.0,0.0,-0.0,-0.0,-0.0,0.0,-0.0,-0.0
-0.0,0.0,0.0,0.0,-0.0,0.0,0.0,0.0,-0.0,-0.0,-0.0,0.0,-0.0,-0.0
0.0,-23526624498.35906,-19272692055.06003,-16391359579.064138,-48047064072.27256,0.0,-22712824123.091232,39877468507.29166,-41707609658.55367,15545652226.72385,-0.0,95553173795.06203,-0.0,50434610818.95955
0.0,-10238627731.108288,-8387345126.44647,-7133408736.492523,-20909757056.01193,0.0,-9884467316.366909,17354404365.72749,-18150869406.620228,6765362621.305987,-0.0,41584094440.82252,-0.0,21948801238.982243
0.0,-707298921.1890241,-579409693.8939545,-492785990.09824264,-1444475665.728783,0.0,-682833017.5686257,1198866860.689001,-1253887795.0351732,467360842.6023223,-0.0,2872688206.765429,-0.0,1516254311.1667573
0.0,-0.0,-0.0,-0.0,-0.0,0.0,-0.0,0.0,-0.0,0.0,-0.0,0.0,-0.0,0.0
0.0,-2143265966.7070765,-1755734443.388472,-1493246221.3742788,-4377068084.436788,0.0,-2069129081.9990032,3632821236.0456853,-3799546353.9665995,1416202623.9729042,-0.0,8704855446.648842,-0.0,4594572626.427218
0.0,-13461304359.614632,-11027318160.341492,-9378696896.23588,-27491243085.37664,0.0,-12995669583.142006,22816819331.86129,-23863977076.90507,8894805802.13479,-0.0,54672966581.8485,-0.0,28857333381.594147
0.0,-24027605587.438118,-19683088976.04216,-16740400775.942118,-49070188766.07032,0.0,-23196475968.94107,40726628045.83457,-42595740623.15864,15876684746.222414,-0.0,97587903982.39297,-0.0,51508576455.51414
0.0,-16968192044.146248,-13900113040.89796,-11821999251.172462,-34653156911.33609,0.0,-16381251871.14753,28760970104.883255,-30080929392.90924,11212046694.287077,-0.0,68916159370.64761,-0.0,36375135842.69478
0.0,-0.0,-0.0,-0.0,-0.0,0.0,-0.0,0.0,-0.0,0.0,-0.0,0.0,-0.0,0.0
0.0,-0.0,-0.0,-0.0,-0.0,0.0,-0.0,0.0,-0.0,0.0,-0.0,0.0,-0.0,0.0
0.0,-0.0,-0.0,-0.0,-0.0,0.0,-0.0,0.0,-0.0,0.0,-0.0,0.0,-0.0,0.0
0.0,-20651325164.118122,-16917285794.42924,-14388094500.035305,-42175006593.35659,0.0,-19936983156.85272,35003855692.234955,-36610326693.35887,13645745017.299995,-0.0,83875171410.28671,-0.0,44270760032.776024
0.0,-14174114254.948109,-11611242369.593008,-9875322466.416636,-28946973494.761387,0.0,-13683822946.878378,24025027256.241993,-25127634635.48925,9365808122.820215,-0.0,57568037560.534386,-0.0,30385401705.273758
0.0,-8721212511.506037,-7144299136.185725,-6076202315.0197,-17810827743.58311,0.0,-8419540420.16335,14782395889.271622,-15460820875.708652,5762702452.648147,-0.0,35421126174.46374,-0.0,18695880444.639503
0.0,-0.0,-0.0,-0.0,-0.0,-0.0,-0.0,-0.0,-0.0,0.0,0.0,0.0,0.0,0.0
0.0,-125447282.58603212,-0.0,-2378101987.3884587,-3037896926.048624,-933337885.9614279,-0.0,-138875665.0699491,-0.0,1351983196.6164718,0.0,382121059.3028071,2747618607.977098,6834236280.289536
0.0,-673906068.4162285,-0.0,-12775225796.658415,-16319661386.711658,-5013915425.3965,-0.0,-746043688.7645983,-0.0,7262888934.814268,0.0,2052764280.1444948,14760278703.839272,36713695245.80108
0.0,-153408223.0102433,-0.0,-2908157056.109976,-3715013665.551419,-1141369534.691079,-0.0,-169829657.19592848,-0.0,1653326683.9829876,0.0,467292008.8343349,3360035223.3263717,8357518965.56498
0.0,-1558052365.5606337,-0.0,-29535972008.43302,-37730609977.24994,-11592035085.27398,-0.0,-1724832567.2790039,-0.0,16791600218.537249,0.0,4745934771.197383,34125359940.58904,84881057475.3018
0.0,-0.0,-0.0,-0.0,-0.0,-0.0,-0.0,-0.0,-0.0,0.0,0.0,0.0,0.0,0.0
0.0,-636247369.0793027,-0.0,-12061330478.326672,-15407698651.479206,-4733731669.2989645,-0.0,-704353850.5451202,-0.0,6857029775.011116,0.0,1938053289.312763,13935456189.414608,34662088834.15617
0.0,-60867120.44175416,-0.0,-1153856959.7143683,-1473989984.2838433,-452856278.3231774,-0.0,-67382582.21292467,-0.0,655983313.2076571,0.0,185405439.32439366,1333146715.4344575,3315976832.8541408
0.0,-1100724409.7144506,-0.0,-20866413782.32917,-26655717300.252937,-8189478260.594986,-0.0,-1218550384.7242527,-0.0,11862838918.164183,0.0,3352882332.481673,24108699750.52596,59966310472.383125
0.0,-2501891865.5432115,-0.0,-47428321244.01714,-60587120350.15458,-18614276981.95669,-0.0,-2769704449.533417,-0.0,26963643151.425934,0.0,7620934867.734604,54797876073.550545,136300442738.8092
0.0,-0.0,-0.0,-0.0,-0.0,-0.0,-0.0,-0.0,-0.0,0.0,0.0,0.0,0.0,0.0
0.0,-2160447718.5558805,-0.0,-40955570397.65374,-52318530523.67713,-16073905028.466946,-0.0,-2391710745.5678697,-0.0,23283796607.174717,0.0,6580872488.941636,47319369783.83585,117698924005.76688
0.0,-0.0,-0.0,-0.0,-0.0,-0.0,-0.0,-0.0,-0.0,0.0,0.0,0.0,0.0,0.0
0.0,-3965079844.902252,-0.0,-75165950708.0138,-96020444796.04462,-29500513393.515263,-0.0,-4389517964.557035,-0.0,42732861270.82181,0.0,12077906187.526787,86845461610.51257,216013388027.68958
0.0,0.0,0.0,-0.0,0.0,0.0,-0.0,0.0,0.0,-0.0,0.0,-0.0,-0.0,0.0
0.0,53747416768.34005,0.0,-4998776422.952613,8910198987.616198,0.0,-0.0,0.0,35549102603.178894,-18089645560.24398,0.0,-12851790878.399944,-0.0,47291050303.392105
0.0,0.0,0.0,-0.0,0.0,0.0,-0.0,0.0,0.0,-0.0,0.0,-0.0,-0.0,0.0
0.0,41039778910.64386,0.0,-3816903054.2609687,6803538076.587359,0.0,-0.0,0.0,27144138249.36862,-13812664849.813421,0.0,-9813209414.857847,-0.0,36109907519.25005
0.0,57101692969.92384,0.0,-5310740751.672218,9466267915.437527,0.0,-0.0,0.0,37767655903.395226,-19218586656.322006,0.0,-13653847216.790178,-0.0,50242396695.8016
0.0,99022568512.44136,0.0,-9209590164.1877,16415873408.644194,0.0,-0.0,0.0,65494560664.21863,-33327800191.32373,0.0,-23677739680.94339,-0.0,87127559802.11888
0.0,0.0,0.0,-0.0,0.0,0.0,-0.0,0.0,0.0,-0.0,0.0,-0.0,-0.0,0.0
0.0,6291244108.258061,0.0,-585116915.5709955,1042956857.3659767,0.0,-0.0,0.0,4161094537.251333,-2117429690.470245,0.0,-1504328179.9531116,-0.0,5535513322.936205
0.0,0.0,0.0,-0.0,0.0,0.0,-0.0,0.0,0.0,-0.0,0.0,-0.0,-0.0,0.0
0.0,54094376661.76435,0.0,-5031045414.454752,8967717690.411858,0.0,-0.0,0.0,35778585499.141884,-18206421060.780457,0.0,-12934754046.894169,-0.0,47596331910.579094
0.0,0.0,0.0,-0.0,0.0,0.0,-0.0,0.0,0.0,-0.0,0.0,-0.0,-0.0,0.0
0.0,192481625598.7645,0.0,-17901746162.830738,31909432837.246277,0.0,-0.0,0.0,127309356785.08276,-64783102022.35177,0.0,-46025162675.11017,-0.0,169359920643.3263
0.0,38197739794.47897,0.0,-3552579315.908532,6332387357.572067,0.0,-0.0,0.0,25264383905.485325,-12856126222.080605,0.0,-9133636430.976343,-0.0,33609266132.40797
0.0,134912552191.31169,0.0,-12547536711.597776,22365683008.226715,0.0,-0.0,0.0,89232570580.597,-45407210197.4273,0.0,-32259557982.241333,-0.0,118706287220.05052
-0.0,0.0,0.0,0.0,-0.0,0.0,0.0,0.0,-0.0,0.0,0.0,0.0,0.0,-0.0
-13952599565.029673,20708169718.241352,0.0,36629799085.29264,-0.0,0.0,7161750052.972291,20259803043.66657,-5456940156.806418,839166402.7985623,0.0,0.0,13244819595.933443,-0.0
-0.0,0.0,0.0,0.0,-0.0,0.0,0.0,0.0,-0.0,0.0,0.0,0.0,0.0,-0.0
-14148763915.471373,20999312930.850758,0.0,37144789909.109146,-0.0,0.0,7262439536.721848,20544642516.455463,-5533661137.457374,850964529.1298062,0.0,0.0,13431033026.67403,-0.0
-29089791631.797558,43174487977.80788,0.0,76369512214.5151,-0.0,0.0,14931541308.054161,42239687758.161865,-11377181102.978916,1749579043.5352728,0.0,0.0,27614140322.075073,-0.0
-0.0,0.0,0.0,0.0,-0.0,0.0,0.0,0.0,-0.0,0.0,0.0,0.0,0.0,-0.0
-0.0,0.0,0.0,0.0,-0.0,0.0,0.0,0.0,-0.0,0.0,0.0,0.0,0.0,-0.0
-0.0,0.0,0.0,0.0,-0.0,0.0,0.0,0.0,-0.0,0.0,0.0,0.0,0.0,-0.0
-137523026770.6369,204108930759.4231,0.0,361039590990.30005,-0.0,0.0,70589393730.47392,199689629402.48068,-53786029174.89066,8271197287.588776,0.0,0.0,130546832608.10242,-0.0
-20722144642.343063,30755393371.64897,0.0,54401904915.830315,-0.0,0.0,10636499657.16509,30089487420.57215,-8104547307.253877,1246314530.617689,0.0,0.0,19670962830.222164,-0.0
-0.0,0.0,0.0,0.0,-0.0,0.0,0.0,0.0,-0.0,0.0,0.0,0.0,0.0,-0.0
-123424326462.32158,183183921234.82025,0.0,324026233210.599,-0.0,0.0,63352651415.22903,179217681498.66064,-48271948195.74078,7423243788.549273,0.0,0.0,117163323588.8374,-0.0
-0.0,0.0,0.0,0.0,-0.0,0.0,0.0,0.0,-0.0,0.0,0.0,0.0,0.0,-0.0
-16249368279.587156,24116987990.6306,0.0,42659512485.115814,-0.0,0.0,8340661795.295499,23594814671.923733,-6355219317.686124,977303466.8827477,0.0,0.0,15425079062.000412,-0.0
-153168671617.15097,-7446047886.720361,-0.0,128672325510.08989,0.0,0.0,0.0,135276492797.04218,-41764792110.44031,136998244637.12828,-0.0,146311496206.74826,-77232823709.53944,126325606027.0648
-114969864170.66086,-5589074483.091738,-0.0,96582673403.30977,0.0,0.0,0.0,101539824287.52626,-31349050855.877132,102832187622.01456,-0.0,109822802978.54619,-57971693282.00973,94821203401.8958
-0.0,-0.0,-0.0,0.0,0.0,0.0,0.0,0.0,-0.0,0.0,-0.0,0.0,-0.0,0.0
-12364917899.036816,-601100537.20205,-0.0,10387390084.489367,0.0,0.0,0.0,10920527738.766222,-3371565608.4472384,11059520392.553762,-0.0,11811355541.449396,-6234809730.975732,10197945379.946888
-0.0,-0.0,-0.0,0.0,0.0,0.0,0.0,0.0,-0.0,0.0,-0.0,0.0,-0.0,0.0
-0.0,-0.0,-0.0,0.0,0.0,0.0,0.0,0.0,-0.0,0.0,-0.0,0.0,-0.0,0.0
-33479428715.88561,-1627548419.7031512,-0.0,28125046095.522263,0.0,0.0,0.0,29568577240.480923,-9128899307.753077,29944915739.653183,-0.0,31980595351.849342,-16881460083.254728,27612102901.469513
-45087741179.06482,-2191867804.1585727,-0.0,37876835048.93495,0.0,0.0,0.0,39820881322.84681,-12294159877.417934,40327707559.05273,-0.0,43069217763.93412,-22734763768.455456,37186039212.205536
-58646477049.00046,-2851003876.2091513,-0.0,49267115169.15724,0.0,0.0,0.0,51795772897.4824,-15991246095.56872,52455011361.24654,-0.0,56020945495.57461,-29571536889.948605,48368583969.215294
-13619824263.15846,-662105785.7424023,-0.0,11441598614.628914,0.0,0.0,0.0,12028844014.769333,-3713743306.159545,12181942930.09685,-0.0,13010081271.688404,-6867575955.092632,11232927307.26378
-0.0,-0.0,-0.0,0.0,0.0,0.0,0.0,0.0,-0.0,0.0,-0.0,0.0,-0.0,0.0
-0.0,-0.0,-0.0,0.0,0.0,0.0,0.0,0.0,-0.0,0.0,-0.0,0.0,-0.0,0.0
-72552580565.50287,-3527026666.0416694,-0.0,60949208245.76811,0.0,0.0,0.0,64077454864.97436,-19783049708.54693,64893010277.00982,-0.0,69304489646.1107,-36583464525.26261,59837619612.40591
-0.0,-0.0,-0.0,0.0,0.0,0.0,0.0,0.0,-0.0,0.0,-0.0,0.0,-0.0,0.0
17846929322.869183,-0.0,0.0,-0.0,2357852981.058541,20127848658.05524,-0.0,-0.0,46541367454.59118,36857107890.40784,28758642491.209686,23478040034.934505,-29499033817.5413,-37769170642.158485
37675989725.23517,-0.0,0.0,-0.0,4977575866.462562,42491153828.924484,-0.0,-0.0,98251752460.89165,77807671732.16132,60711302174.66091,49563618431.06381,-62274314808.31204,-79733093536.77924
0.0,-0.0,0.0,-0.0,0.0,0.0,-0.0,-0.0,0.0,0.0,0.0,0.0,-0.0,-0.0
5592201448.514572,-0.0,0.0,-0.0,738815547.3425821,6306910414.937583,-0.0,-0.0,14583388424.243021,11548898323.292103,9011304930.231014,7356667755.9149,-9243300999.284403,-11834686345.937569
0.0,-0.0,0.0,-0.0,0.0,0.0,-0.0,-0.0,0.0,0.0,0.0,0.0,-0.0,-0.0
0.0,-0.0,0.0,-0.0,0.0,0.0,-0.0,-0.0,0.0,0.0,0.0,0.0,-0.0,-0.0
0.0,-0.0,0.0,-0.0,0.0,0.0,-0.0,-0.0,0.0,0.0,0.0,0.0,-0.0,-0.0
49613370433.67839,-0.0,0.0,-0.0,6554686874.201374,55954186484.36538,-0.0,-0.0,129382150970.68332,102460502521.16292,79947264724.00946,65267513320.47482,-82005507263.92375,-104995981109.25711
6048628066.916411,-0.0,0.0,-0.0,799116501.2693851,6821670446.341305,-0.0,-0.0,15773661472.272402,12491501099.049948,9746793355.417427,7957107317.588772,-9997724575.905441,-12800614687.120184
1099003963.6289186,-0.0,0.0,-0.0,145195272.80903727,1239461705.39154,-0.0,-0.0,2865991475.618317,2269640167.5974636,1770941180.672829,1445764623.6973662,-1816534066.0120592,-2325804483.6609464
0.0,-0.0,0.0,-0.0,0.0,0.0,-0.0,-0.0,0.0,0.0,0.0,0.0,-0.0,-0.0
23595413108.206112,-0.0,0.0,-0.0,3117315821.1144524,26611015008.486263,-0.0,-0.0,61532310227.995605,48728757250.890724,38021781659.7601,31040300747.16636,-39000652528.27087,-49934594794.08015
2330289589.712477,-0.0,0.0,-0.0,307866981.2847066,2628111275.762807,-0.0,-0.0,6076948146.561106,4812465677.995924,3755041777.727785,3065548772.5921597,-3851715338.139835,-4931554530.600142
1381074916.2781887,-0.0,0.0,-0.0,182461170.1823105,1557582618.12933,-0.0,-0.0,3601578400.294149,2852167242.505658,2225471903.4454317,1816835355.2044156,-2282766683.4340687,-2922746722.354911
25549524661.85045,8767210678.300705,-11043237768.679996,-0.0,-4629300767.915477,43101002161.816025,-0.0,0.0,-7529223124.014247,-0.0,0.0,-0.0,24132499260.206486,-0.0
0.0,0.0,-0.0,-0.0,-0.0,0.0,-0.0,0.0,-0.0,-0.0,0.0,-0.0,0.0,-0.0
0.0,0.0,-0.0,-0.0,-0.0,0.0,-0.0,0.0,-0.0,-0.0,0.0,-0.0,0.0,-0.0
0.0,0.0,-0.0,-0.0,-0.0,0.0,-0.0,0.0,-0.0,-0.0,0.0,-0.0,0.0,-0.0
19866894189.547314,6817240210.474213,-8587041800.741205,-0.0,-3599668868.403359,33514637189.740654,-0.0,0.0,-5854601254.387888,-0.0,0.0,-0.0,18765038319.78248,-0.0
81593104680.32486,27998326704.573685,-35266881368.4444,-0.0,-14783798413.17483,137644227349.05237,-0.0,0.0,-24044779644.62934,-0.0,0.0,-0.0,77067795365.91505,-0.0
0.0,0.0,-0.0,-0.0,-0.0,0.0,-0.0,0.0,-0.0,-0.0,0.0,-0.0,0.0,-0.0
0.0,0.0,-0.0,-0.0,-0.0,0.0,-0.0,0.0,-0.0,-0.0,0.0,-0.0,0.0,-0.0
9156166797.63899,3141899678.4869733,-3957558049.876354,-0.0,-1658999552.769076,15446078553.791931,-0.0,0.0,-2698242871.15023,-0.0,0.0,-0.0,8648348311.555117,-0.0
33633768538.184566,11541284567.213919,-14537479970.362,-0.0,-6094079345.2097225,56738790629.59133,-0.0,0.0,-9911579615.552082,-0.0,0.0,-0.0,31768375541.547535,-0.0
168678441145.7761,57881289377.58714,-72907662928.24599,-0.0,-30562730518.93139,284553624879.42664,-0.0,0.0,-49708072318.6132,-0.0,0.0,-0.0,159323212859.66367,-0.0
17114287621.876734,5872694978.708076,-7397286249.014444,-0.0,-3100925981.162352,28871102595.88782,-0.0,0.0,-5043431994.101627,-0.0,0.0,-0.0,16165096565.98788,-0.0
49711249949.138245,17058203906.099398,-21486628821.174133,-0.0,-9007147123.453241,83860843592.27388,-0.0,0.0,-14649473819.74486,-0.0,0.0,-0.0,46954169147.92153,-0.0
13196760370.066154,4528412170.742904,-5704018547.184156,-0.0,-2391111917.880947,22262394497.244396,-0.0,0.0,-3888970720.803248,-0.0,0.0,-0.0,12464842852.566723,-0.0
0.0,-0.0,-0.0,13596174770.13471,-0.0,-14188621498.434132,0.0,-0.0,0.0,-3218218521.7046213,0.0,-0.0,0.0,27040748820.648582
0.0,-0.0,-0.0,44650686686.09306,-0.0,-46596318725.30495,0.0,-0.0,0.0,-10568830522.512539,0.0,-0.0,0.0,88803507145.27905
0.0,-0.0,-0.0,76340505119.95396,-0.0,-79667005643.79166,0.0,-0.0,0.0,-18069819760.847935,0.0,-0.0,0.0,151829794680.52682
0.0,-0.0,-0.0,0.0,-0.0,-0.0,0.0,-0.0,0.0,-0.0,0.0,-0.0,0.0,0.0
0.0,-0.0,-0.0,42741802970.072426,-0.0,-44604256326.2076,0.0,-0.0,0.0,-10116997191.848675,0.0,-0.0,0.0,85007024239.94574
0.0,-0.0,-0.0,70384541917.79234,-0.0,-73451514230.7436,0.0,-0.0,0.0,-16660041538.969593,0.0,-0.0,0.0,139984278742.58466
0.0,-0.0,-0.0,0.0,-0.0,-0.0,0.0,-0.0,0.0,-0.0,0.0,-0.0,0.0,0.0
0.0,-0.0,-0.0,0.0,-0.0,-0.0,0.0,-0.0,0.0,-0.0,0.0,-0.0,0.0,0.0
0.0,-0.0,-0.0,40880812785.52565,-0.0,-42662174396.013824,0.0,-0.0,0.0,-9676500274.011572,0.0,-0.0,0.0,81305794372.80988
0.0,-0.0,-0.0,0.0,-0.0,-0.0,0.0,-0.0,0.0,-0.0,0.0,-0.0,0.0,0.0
0.0,-0.0,-0.0,0.0,-0.0,-0.0,0.0,-0.0,0.0,-0.0,0.0,-0.0,0.0,0.0
0.0,-0.0,-0.0,0.0,-0.0,-0.0,0.0,-0.0,0.0,-0.0,0.0,-0.0,0.0,0.0
0.0,-0.0,-0.0,46945432296.11245,-0.0,-48991056763.48301,0.0,-0.0,0.0,-11111997475.690178,0.0,-0.0,0.0,93367411382.82405
0.0,-0.0,-0.0,0.0,-0.0,-0.0,0.0,-0.0,0.0,-0.0,0.0,-0.0,0.0,0.0
0.0,-0.0,-0.0,-0.0,0.0,-0.0,0.0,0.0,0.0,-0.0,0.0,0.0,0.0,0.0
0.0,-0.0,-0.0,-0.0,0.0,-0.0,0.0,0.0,0.0,-0.0,0.0,0.0,0.0,0.0
0.0,-0.0,-0.0,-0.0,0.0,-0.0,0.0,0.0,0.0,-0.0,0.0,0.0,0.0,0.0
0.0,-0.0,-0.0,-0.0,7936547981.9034605,-0.0,94018744478.86932,0.0,0.0,-0.0,0.0,22733273623.085636,274122078825.61243,0.0
0.0,-0.0,-0.0,-0.0,0.0,-0.0,0.0,0.0,0.0,-0.0,0.0,0.0,0.0,0.0
0.0,-0.0,-0.0,-0.0,3289292459.728036,-0.0,38965951946.941,0.0,0.0,-0.0,0.0,9421777035.034803,113609555310.69693,0.0
0.0,-0.0,-0.0,-0.0,0.0,-0.0,0.0,0.0,0.0,-0.0,0.0,0.0,0.0,0.0
0.0,-0.0,-0.0,-0.0,0.0,-0.0,0.0,0.0,0.0,-0.0,0.0,0.0,0.0,0.0
0.0,-0.0,-0.0,-0.0,0.0,-0.0,0.0,0.0,0.0,-0.0,0.0,0.0,0.0,0.0
0.0,-0.0,-0.0,-0.0,3154399233.4844174,-0.0,37367966046.89389,0.0,0.0,-0.0,0.0,9035391842.242016,108950450157.96452,0.0
0.0,-0.0,-0.0,-0.0,0.0,-0.0,0.0,0.0,0.0,-0.0,0.0,0.0,0.0,0.0
0.0,-0.0,-0.0,-0.0,0.0,-0.0,0.0,0.0,0.0,-0.0,0.0,0.0,0.0,0.0
0.0,-0.0,-0.0,-0.0,0.0,-0.0,0.0,0.0,0.0,-0.0,0.0,0.0,0.0,0.0
0.0,-0.0,-0.0,-0.0,5610343416.803192,-0.0,66461822614.29717,0.0,0.0,-0.0,0.0,16070144388.275375,193776816299.27396,0.0
0.0,0.0,-0.0,0.0,-0.0,0.0,-0.0,0.0,0.0,0.0,0.0,-0.0,-0.0,0.0
0.0,0.0,-0.0,0.0,-0.0,0.0,-0.0,0.0,0.0,0.0,0.0,-0.0,-0.0,0.0
0.0,0.0,-0.0,0.0,-0.0,0.0,-0.0,0.0,0.0,0.0,0.0,-0.0,-0.0,0.0
0.0,0.0,-0.0,0.0,-0.0,0.0,-0.0,0.0,0.0,0.0,0.0,-0.0,-0.0,0.0
2405479764.7052975,4031397048.2350883,-0.0,0.0,-23332133880.753204,69349604159.21542,-0.0,0.0,0.0,11135178072.778355,59844009660.053925,-72308428009.13092,-0.0,93540955165.71585
0.0,0.0,-0.0,0.0,-0.0,0.0,-0.0,0.0,0.0,0.0,0.0,-0.0,-0.0,0.0
857891580.7228624,1437759584.169935,-0.0,0.0,-8321184617.842377,24732879655.690205,-0.0,0.0,0.0,3971255821.2505765,21342799385.530346,-25788116164.81773,-0.0,33360495925.5493
0.0,0.0,-0.0,0.0,-0.0,0.0,-0.0,0.0,0.0,0.0,0.0,-0.0,-0.0,0.0
0.0,0.0,-0.0,0.0,-0.0,0.0,-0.0,0.0,0.0,0.0,0.0,-0.0,-0.0,0.0
0.0,0.0,-0.0,0.0,-0.0,0.0,-0.0,0.0,0.0,0.0,0.0,-0.0,-0.0,0.0
0.0,0.0,-0.0,0.0,-0.0,0.0,-0.0,0.0,0.0,0.0,0.0,-0.0,-0.0,0.0
2820116925.384623,4726296689.536373,-0.0,0.0,-27353938548.102234,81303528438.57227,-0.0,0.0,0.0,13054570074.116247,70159436384.14897,-84772370430.43192,-0.0,109664789016.3391
2235579111.795931,3746656764.537068,-0.0,0.0,-21684169579.297367,64451394995.89689,-0.0,0.0,0.0,10348692959.668755,55617187026.52275,-67201235128.16884,-0.0,86934094617.72536
0.0,0.0,-0.0,0.0,-0.0,0.0,-0.0,0.0,0.0,0.0,0.0,-0.0,-0.0,0.0
22341077753.283443,5107309043.0968075,21464571606.437397,49232383297.406334,25682308630.387493,-25612844477.95771,-0.0,-0.0,8021939023.530243,26441132661.59106,47474502988.22593,-18953286261.781227,0.0,-1172503942.395549
7166111007.88147,1638217455.6914387,6884963409.867041,15791750415.43965,8237842266.001719,-8215560985.175549,-0.0,-0.0,2573112460.191198,8481242217.566442,15227893757.615503,-6079444994.372198,0.0,-376091677.45500946
0.0,0.0,0.0,0.0,0.0,-0.0,-0.0,-0.0,0.0,0.0,0.0,-0.0,0.0,-0.0
0.0,0.0,0.0,0.0,0.0,-0.0,-0.0,-0.0,0.0,0.0,0.0,-0.0,0.0,-0.0
24607221331.300148,5625363530.743871,23641807711.067978,54226217993.83128,28287366426.350002,-28210856251.133427,-0.0,-0.0,8835635918.647263,29123160970.084194,52290028955.87946,-20875792795.20643,0.0,-1291435638.9144619
16317373426.341326,3730252845.4650097,15677194905.568373,35958121260.04003,18757726238.65433,-18706991331.079227,-0.0,-0.0,5859026860.557123,19311952638.059372,34674208739.77258,-13843013887.025948,0.0,-856368026.7892957
0.0,0.0,0.0,0.0,0.0,-0.0,-0.0,-0.0,0.0,0.0,0.0,-0.0,0.0,-0.0
0.0,0.0,0.0,0.0,0.0,-0.0,-0.0,-0.0,0.0,0.0,0.0,-0.0,0.0,-0.0
0.0,0.0,0.0,0.0,0.0,-0.0,-0.0,-0.0,0.0,0.0,0.0,-0.0,0.0,-0.0
23077188550.11589,5275588540.21422,22171802613.077602,50854529252.01177,26528508839.66938,-26456755929.590523,-0.0,-0.0,8286251962.769904,27312335181.344868,49038728967.37554,-19577773531.68041,0.0,-1211136492.7522178
45995653779.21791,10514891944.065878,44191109087.5563,101359284537.66942,52874556413.94528,-52731544105.384766,-0.0,-0.0,16515511652.523869,54436817993.44586,97740172918.29002,-39020892478.97514,0.0,-2413942871.7250533
3070227434.617234,701873048.129021,2949773388.1126122,6765770905.974901,3529396809.414625,-3519850683.266749,-0.0,-0.0,1102416702.5804927,3633678365.764593,6524193824.885968,-2604659457.3317933,0.0,-161131607.4763051
0.0,0.0,0.0,0.0,0.0,-0.0,-0.0,-0.0,0.0,0.0,0.0,-0.0,0.0,-0.0
18831985552.019066,4305108785.325265,18093151406.417706,41499498868.71324,21648412418.19099,-21589858935.25758,-0.0,-0.0,6761940558.937315,22288048668.060375,40017727176.66499,-15976311303.633873,0.0,-988339844.0629488
-0.0,0.0,-7055994958.645166,-0.0,29249801185.114544,0.0,0.0,0.0,0.0,-0.0,4928472064.8063965,23026952518.075085,0.0,-0.0
-0.0,0.0,-13688486160.452227,-0.0,56744017118.07604,0.0,0.0,0.0,0.0,-0.0,9561135183.156582,44671817753.336975,0.0,-0.0
-0.0,0.0,-24355515041.475048,-0.0,100962936750.87886,0.0,0.0,0.0,0.0,-0.0,17011842583.420723,79483232584.53632,0.0,-0.0
-0.0,0.0,-15281764173.273813,-0.0,63348764624.38579,0.0,0.0,0.0,0.0,-0.0,10674008168.991196,49871415735.53002,0.0,-0.0
-0.0,0.0,-3974836579.7130203,-0.0,16477219779.965721,0.0,0.0,0.0,0.0,-0.0,2776344251.959005,12971717486.27981,0.0,-0.0
-0.0,0.0,-20277186296.017555,-0.0,84056702311.7496,0.0,0.0,0.0,0.0,-0.0,14163211113.176079,66173772625.28735,0.0,-0.0
-0.0,0.0,-0.0,-0.0,0.0,0.0,0.0,0.0,0.0,-0.0,0.0,0.0,0.0,-0.0
-0.0,0.0,-0.0,-0.0,0.0,0.0,0.0,0.0,0.0,-0.0,0.0,0.0,0.0,-0.0
-0.0,0.0,-16810535897.277203,-0.0,69686108860.96812,0.0,0.0,0.0,0.0,-0.0,11741824795.756947,54860500068.20381,0.0,-0.0
-0.0,0.0,-2304039028.920404,-0.0,9551124102.78796,0.0,0.0,0.0,0.0,-0.0,1609325411.485021,7519137645.320703,0.0,-0.0
-0.0,0.0,-10857034833.196148,-0.0,45006567067.02452,0.0,0.0,0.0,0.0,-0.0,7583422776.752021,35431491526.90137,0.0,-0.0
-0.0,0.0,-2019121581.621639,-0.0,8370032175.072156,0.0,0.0,0.0,0.0,-0.0,1410316244.3841512,6589321146.163287,0.0,-0.0
-0.0,0.0,-0.0,-0.0,0.0,0.0,0.0,0.0,0.0,-0.0,0.0,0.0,0.0,-0.0
-0.0,0.0,-13467586991.52111,-0.0,55828305469.88734,0.0,0.0,0.0,0.0,-0.0,9406841509.536243,43950922301.44514,0.0,-0.0
-0.0,-0.0,-0.0,0.0,-0.0,0.0,0.0,0.0,-0.0,-0.0,0.0,-0.0,-0.0,-0.0
-0.0,-0.0,-0.0,0.0,-0.0,0.0,0.0,0.0,-0.0,-0.0,0.0,-0.0,-0.0,-0.0
-80616316590.81897,-0.0,-4478251536.458692,60857764154.081406,-0.0,157056197923.4994,36417014497.895515,0.0,-0.0,-11755108357.170065,49246932645.78406,-67626549846.30154,-0.0,-30508850990.245754
-0.0,-0.0,-0.0,0.0,-0.0,0.0,0.0,0.0,-0.0,-0.0,0.0,-0.0,-0.0,-0.0
-145099599397.83127,-0.0,-8060310014.423066,109536599691.4149,-0.0,282682121502.9511,65546212458.82417,0.0,-0.0,-21157770357.591915,88638510175.85487,-121719593580.05861,-0.0,-54912234197.474335
-0.0,-0.0,-0.0,0.0,-0.0,0.0,0.0,0.0,-0.0,-0.0,0.0,-0.0,-0.0,-0.0
-0.0,-0.0,-0.0,0.0,-0.0,0.0,0.0,0.0,-0.0,-0.0,0.0,-0.0,-0.0,-0.0
-0.0,-0.0,-0.0,0.0,-0.0,0.0,0.0,0.0,-0.0,-0.0,0.0,-0.0,-0.0,-0.0
-0.0,-0.0,-0.0,0.0,-0.0,0.0,0.0,0.0,-0.0,-0.0,0.0,-0.0,-0.0,-0.0
-0.0,-0.0,-0.0,0.0,-0.0,0.0,0.0,0.0,-0.0,-0.0,0.0,-0.0,-0.0,-0.0
-19162945805.259468,-0.0,-1064505240.6828905,14466228247.976528,-0.0,37333129774.015,8656526429.439917,0.0,-0.0,-2794254487.2988744,11706269168.267838,-16075206167.989836,-0.0,-7252123178.416192
-143606879449.23358,-0.0,-7977389140.758746,108409736018.87897,-0.0,279774013943.5192,64871902265.699196,0.0,-0.0,-20940108654.791252,87726636725.46233,-120467396701.32022,-0.0,-54347321628.80557
-0.0,-0.0,-0.0,0.0,-0.0,0.0,0.0,0.0,-0.0,-0.0,0.0,-0.0,-0.0,-0.0
-0.0,-0.0,-0.0,0.0,-0.0,0.0,0.0,0.0,-0.0,-0.0,0.0,-0.0,-0.0,-0.0
-7805097276.981663,0.0,0.0,76694058871.3435,38790149787.9741,-43077625083.14416,0.0,0.0,-0.0,-0.0,79641522095.24594,0.0,-0.0,-0.0
-0.0,0.0,0.0,0.0,0.0,-0.0,0.0,0.0,-0.0,-0.0,0.0,0.0,-0.0,-0.0
-32258402763.081745,0.0,0.0,316975913663.9539,160319369598.50888,-178039469681.85388,0.0,0.0,-0.0,-0.0,329157754893.07245,0.0,-0.0,-0.0
-2704430249.2483387,0.0,0.0,26574138077.815727,13440608199.57384,-14926198637.422535,0.0,0.0,-0.0,-0.0,27595420506.258614,0.0,-0.0,-0.0
-0.0,0.0,0.0,0.0,0.0,-0.0,0.0,0.0,-0.0,-0.0,0.0,0.0,-0.0,-0.0
-19461584840.24271,0.0,0.0,191232457520.94263,96721125217.84196,-107411711285.67693,0.0,0.0,-0.0,-0.0,198581796492.6223,0.0,-0.0,-0.0
-10598562493.995869,0.0,0.0,104143067923.48796,52673248274.78507,-58495222459.698235,0.0,0.0,-0.0,-0.0,108145436128.35484,0.0,-0.0,-0.0
-0.0,0.0,0.0,0.0,0.0,-0.0,0.0,0.0,-0.0,-0.0,0.0,0.0,-0.0,-0.0
-0.0,0.0,0.0,0.0,0.0,-0.0,0.0,0.0,-0.0,-0.0,0.0,0.0,-0.0,-0.0
-9035761283.90233,0.0,0.0,88786748359.78468,44906363266.55637,-49869863643.68003,0.0,0.0,-0.0,-0.0,92198951070.2886,0.0,-0.0,-0.0
-13753191933.443394,0.0,0.0,135140930904.61713,68351278174.886955,-75906145020.46378,0.0,0.0,-0.0,-0.0,140334591662.0103,0.0,-0.0,-0.0
-9190009725.249279,0.0,0.0,90302416726.4512,45672954627.57059,-50721186348.59997,0.0,0.0,-0.0,-0.0,93772868756.86496,0.0,-0.0,-0.0
-0.0,0.0,0.0,0.0,0.0,-0.0,0.0,0.0,-0.0,-0.0,0.0,0.0,-0.0,-0.0
-8026450032.076812,0.0,0.0,78869104310.00412,39890239411.64142,-44299307614.02445,0.0,0.0,-0.0,-0.0,81900157665.07335,0.0,-0.0,-0.0
-18438006847.472023,-89155839605.47943,0.0,0.0,-0.0,53173736460.61633,50423039537.93308,-0.0,0.0,293520103389.274,0.0,95407742947.96642,48206204363.357864,0.0
-0.0,-0.0,0.0,0.0,-0.0,0.0,0.0,-0.0,0.0,0.0,0.0,0.0,0.0,0.0
-0.0,-0.0,0.0,0.0,-0.0,0.0,0.0,-0.0,0.0,0.0,0.0,0.0,0.0,0.0
-12538575343.515432,-60629504124.57142,0.0,0.0,-0.0,36160248036.73852,34289665120.832466,-0.0,0.0,199605302331.65897,0.0,64881046156.67002,32782129350.26312,0.0
-3560468039.0729933,-17216422579.621204,0.0,0.0,-0.0,10268104939.557083,9736932098.619944,-0.0,0.0,56680147457.81467,0.0,18423695264.7027,9308850535.77737,0.0
-9290696255.306795,-44924586047.3758,0.0,0.0,-0.0,26793624620.17158,25407580574.821796,-0.0,0.0,147901351158.78226,0.0,48074847106.127266,24290543227.703,0.0
-0.0,-0.0,0.0,0.0,-0.0,0.0,0.0,-0.0,0.0,0.0,0.0,0.0,0.0,0.0
-0.0,-0.0,0.0,0.0,-0.0,0.0,0.0,-0.0,0.0,0.0,0.0,0.0,0.0,0.0
-0.0,-0.0,0.0,0.0,-0.0,0.0,0.0,-0.0,0.0,0.0,0.0,0.0,0.0,0.0
-0.0,-0.0,0.0,0.0,-0.0,0.0,0.0,-0.0,0.0,0.0,0.0,0.0,0.0,0.0
-7340006969.905529,-35492148881.68468,0.0,0.0,-0.0,21167992802.34327,20072964757.738712,-0.0,0.0,116847749461.59929,0.0,37980976144.23241,19190462339.385136,0.0
-0.0,-0.0,0.0,0.0,-0.0,0.0,0.0,-0.0,0.0,0.0,0.0,0.0,0.0,0.0
-0.0,-0.0,0.0,0.0,-0.0,0.0,0.0,-0.0,0.0,0.0,0.0,0.0,0.0,0.0
-0.0,-0.0,0.0,0.0,-0.0,0.0,0.0,-0.0,0.0,0.0,0.0,0.0,0.0,0.0
40266342003.2003,-0.0,-0.0,0.0,0.0,157244294977.00464,78596506626.39714,-0.0,-0.0,27147077905.33606,65367970232.84522,0.0,81459063264.48409,-37888024021.00159
21223541617.354736,-0.0,-0.0,0.0,0.0,82880159272.2483,41426564877.22326,-0.0,-0.0,14308653556.552994,34454081688.58579,0.0,42935358249.50536,-19969980251.62438
0.0,-0.0,-0.0,0.0,0.0,0.0,0.0,-0.0,-0.0,0.0,0.0,0.0,0.0,-0.0
0.0,-0.0,-0.0,0.0,0.0,0.0,0.0,-0.0,-0.0,0.0,0.0,0.0,0.0,-0.0
0.0,-0.0,-0.0,0.0,0.0,0.0,0.0,-0.0,-0.0,0.0,0.0,0.0,0.0,-0.0
33789575347.13364,-0.0,-0.0,0.0,0.0,131951840885.12737,65954403865.71646,-0.0,-0.0,22780520621.017803,54853653090.62255,0.0,68356523561.624985,-31793805414.703247
3209849697.8868623,-0.0,-0.0,0.0,0.0,12534800223.13067,6265356138.624477,-0.0,-0.0,2164041615.8494973,5210837366.023947,0.0,6493546138.084003,-3020261002.295078
0.0,-0.0,-0.0,0.0,0.0,0.0,0.0,-0.0,-0.0,0.0,0.0,0.0,0.0,-0.0
0.0,-0.0,-0.0,0.0,0.0,0.0,0.0,-0.0,-0.0,0.0,0.0,0.0,0.0,-0.0
24371515625.98358,-0.0,-0.0,0.0,0.0,95173328429.59157,47571144884.24894,-0.0,-0.0,16430979335.473467,39564470689.738815,0.0,49303729478.84296,-22932020231.489918
0.0,-0.0,-0.0,0.0,0.0,0.0,0.0,-0.0,-0.0,0.0,0.0,0.0,0.0,-0.0
4470904923.360385,-0.0,-0.0,0.0,0.0,17459353336.023113,8726829678.418707,-0.0,-0.0,3014229707.088081,7258021598.308458,0.0,9044668794.909687,-4206832423.9244137
17308532013.436733,-0.0,-0.0,0.0,0.0,67591635548.207,33784796020.933956,-0.0,-0.0,11669201710.908463,28098494900.248386,0.0,35015269184.02053,-16286209376.58666
0.0,-0.0,-0.0,0.0,0.0,0.0,0.0,-0.0,-0.0,0.0,0.0,0.0,0.0,-0.0
262116744.02087992,0.0,1804516767.627036,0.0,0.0,1380107828.674202,-1413922917.7644083,2000747974.4164815,-0.0,0.0,-0.0,1673057814.4123175,0.0,0.0
0.0,0.0,0.0,0.0,0.0,0.0,-0.0,0.0,-0.0,0.0,-0.0,0.0,0.0,0.0
0.0,0.0,0.0,0.0,0.0,0.0,-0.0,0.0,-0.0,0.0,-0.0,0.0,0.0,0.0
0.0,0.0,0.0,0.0,0.0,0.0,-0.0,0.0,-0.0,0.0,-0.0,0.0,0.0,0.0
0.0,0.0,0.0,0.0,0.0,0.0,-0.0,0.0,-0.0,0.0,-0.0,0.0,0.0,0.0
9770368948.224552,0.0,67263137495.59351,0.0,0.0,51443347218.619125,-52703800447.81871,74577631259.24068,-0.0,0.0,-0.0,62363021407.04299,0.0,0.0
2806053917.3292184,0.0,19318000319.288055,0.0,0.0,14774550147.317087,-15136552825.020315,21418725889.37945,-0.0,0.0,-0.0,17910684994.911926,0.0,0.0
0.0,0.0,0.0,0.0,0.0,0.0,-0.0,0.0,-0.0,0.0,-0.0,0.0,0.0,0.0
0.0,0.0,0.0,0.0,0.0,0.0,-0.0,0.0,-0.0,0.0,-0.0,0.0,0.0,0.0
6441601556.902258,0.0,44346568027.247406,0.0,0.0,33916584654.250698,-34747601121.14573,49169011751.281334,-0.0,0.0,-0.0,41115922839.50916,0.0,0.0
6211013101.809104,0.0,42759104642.59746,0.0,0.0,32702480865.251244,-33503749636.396145,47408920513.40642,-0.0,0.0,-0.0,39644106080.34732,0.0,0.0
0.0,0.0,0.0,0.0,0.0,0.0,-0.0,0.0,-0.0,0.0,-0.0,0.0,0.0,0.0
2713514845.741496,0.0,18680924244.791336,0.0,0.0,14287309633.043476,-14637374054.143705,20712371319.29991,-0.0,0.0,-0.0,17320019879.50073,0.0,0.0
7811983997.762049,0.0,53780830236.74659,0.0,0.0,41131978474.180046,-42139784884.42046,59629197738.132034,-0.0,0.0,-0.0,49862899534.867714,0.0,0.0
0.0,0.0,49580211421.07362,-49580211421.07362
0.0,0.0,0.0,-0.0
0.0,0.0,43390873676.43609,-43390873676.43609
0.0,0.0,0.0,-0.0
0.0,0.0,0.0,-0.0
0.0,0.0,34536762632.15117,-34536762632.15117
0.0,0.0,107277401789.57317,-107277401789.57317
0.0,0.0,127489004397.061,-127489004397.061
0.0,0.0,0.0,-0.0
0.0,0.0,0.0,-0.0
0.0,0.0,0.0,-0.0
0.0,0.0,189226458947.66708,-189226458947.66708
0.0,0.0,0.0,-0.0
0.0,0.0,0.0,-0.0
